Player,Team,Pos,Age,G,AB,R,H,2B,3B,HR,RBI,SB,CS,BB,SO,SH,SF,HBP,AVG,OBP,SLG,OPS
Julio Rodriguez,SEA,OF,25,160,652,106,174,31,4,32,95,30,6,44,152,0,2,12,.267,.324,.474,.798
Francisco Lindor,NYM,SS,32,160,644,117,172,35,0,31,86,31,6,65,131,0,7,16,.267,.346,.466,.812
Elly De La Cruz,CIN,SS,24,162,629,102,166,31,7,22,86,37,8,67,181,0,1,2,.264,.336,.440,.776
Brent Rooker,ATH,OF,31,162,626,92,164,40,3,30,89,6,1,65,155,0,2,5,.262,.335,.479,.814
Steven Kwan,CLE,OF,28,156,625,81,170,29,1,11,56,21,5,55,60,3,7,3,.272,.330,.374,.704
Pete Alonso,NYM,1B,31,162,624,87,170,41,1,38,126,1,2,61,162,0,9,15,.272,.347,.524,.871
Matt Olson,ATL,1B,31,162,624,98,170,41,2,29,95,1,0,91,176,0,5,4,.272,.366,.484,.850
Bobby Witt,KC,SS,25,157,623,99,184,47,6,23,88,38,9,49,125,0,7,8,.295,.351,.501,.852
Vinnie Pasquantino,KC,1B,28,160,621,72,164,33,1,32,113,1,0,49,107,0,5,7,.264,.323,.475,.798
Jarren Duran,BOS,OF,29,157,620,86,159,41,13,16,84,24,6,60,169,1,3,12,.256,.332,.442,.774
Luis Arraez,SD,1B,28,154,620,66,181,30,4,8,61,11,4,34,21,12,7,2,.292,.327,.392,.719
Heliot Ramos,SF,OF,26,157,620,85,159,24,1,21,69,6,4,52,158,0,6,17,.256,.328,.400,.728
Manny Machado,SD,3B,33,159,615,91,169,33,0,27,95,14,3,55,131,0,5,3,.275,.335,.460,.795
Randy Arozarena,SEA,OF,31,160,613,95,146,32,1,27,76,31,6,64,191,0,5,27,.238,.334,.426,.760
Trevor Story,BOS,SS,33,157,612,91,161,29,0,25,96,31,1,33,176,1,1,7,.263,.308,.433,.741
Shohei Ohtani,LAD,DH,31,158,611,146,172,25,9,55,102,20,6,109,187,0,2,3,.282,.392,.622,1.014
Michael Harris,ATL,OF,25,160,611,55,152,26,6,20,86,20,6,16,128,4,7,3,.249,.268,.409,.677
Kyle Schwarber,PHI,DH,33,162,604,111,145,23,2,56,132,10,2,108,197,0,1,11,.240,.365,.563,.928
Ozzie Albies,ATL,2B,29,157,603,74,145,23,2,16,74,14,3,55,94,0,5,4,.240,.306,.365,.671
Junior Caminero,TB,3B,22,154,602,93,159,28,0,45,110,7,1,41,125,0,7,3,.264,.311,.535,.846
Riley Greene,DET,OF,25,157,600,84,155,31,1,36,111,2,1,46,201,0,5,4,.258,.313,.493,.806
Nico Hoerner,CHC,2B,28,156,599,89,178,29,4,7,61,29,6,39,49,0,4,7,.297,.345,.394,.739
James Wood,WSH,OF,23,157,598,87,153,38,0,31,94,15,7,85,221,0,3,3,.256,.350,.475,.825
Geraldo Perdomo,ARI,SS,26,161,597,98,173,33,5,20,100,27,6,94,83,8,11,10,.290,.389,.462,.851
Salvador Perez,KC,C,35,155,597,54,141,35,0,30,100,0,0,28,125,0,1,12,.236,.284,.446,.730
Cal Raleigh,SEA,C,29,159,596,110,147,24,0,60,125,14,4,97,188,0,3,9,.247,.359,.589,.948
Maikel Garcia,KC,3B,26,160,595,81,170,39,5,16,74,23,9,62,84,3,5,1,.286,.351,.449,.800
Fernando Tatis,SD,OF,27,155,594,111,159,27,2,25,71,32,7,89,129,0,2,6,.268,.368,.446,.814
Jose Ramirez,CLE,3B,33,158,593,103,168,34,3,30,85,44,7,66,74,0,5,8,.283,.360,.503,.863
Willy Adames,SF,SS,30,160,591,94,133,22,2,30,87,12,4,80,179,0,9,5,.225,.318,.421,.739
Pete Crow-Armstrong,CHC,OF,23,157,591,91,146,37,4,31,95,35,8,29,155,6,12,9,.247,.287,.481,.768
Dansby Swanson,CHC,SS,32,159,590,84,144,24,3,24,77,20,3,47,168,1,5,2,.244,.300,.417,.717
Trea Turner,PHI,SS,32,141,589,94,179,31,7,15,69,36,7,43,107,0,2,5,.304,.355,.457,.812
Mookie Betts,LAD,SS,33,150,589,95,152,23,2,20,82,8,2,61,68,0,10,3,.258,.326,.406,.732
Vladimir Guerrero,TOR,1B,27,156,589,96,172,34,0,23,84,6,3,81,94,0,4,6,.292,.381,.467,.848
Cody Bellinger,NYY,OF,30,152,588,89,160,25,5,29,98,13,2,57,90,0,9,2,.272,.334,.480,.814
Jose Altuve,HOU,2B,35,155,588,80,156,24,1,26,77,10,6,55,109,1,6,4,.265,.329,.442,.771
Brandon Nimmo,NYM,OF,32,155,587,81,154,27,0,25,92,13,1,50,141,1,7,7,.262,.324,.436,.760
Bryan Reynolds,PIT,OF,31,154,587,68,144,38,3,16,73,3,2,57,173,0,3,7,.245,.318,.402,.720
Jackson Holliday,BAL,2B,22,149,586,70,142,21,3,17,55,17,11,56,140,0,1,6,.242,.314,.375,.689
Christian Walker,HOU,1B,34,154,585,72,139,24,1,27,88,2,1,40,177,0,4,11,.238,.297,.421,.718
Brice Turang,MIL,2B,26,156,584,97,168,28,2,18,81,24,8,66,150,2,5,2,.288,.359,.435,.794
Yandy Diaz,TB,1B,34,150,583,79,175,29,1,25,83,3,1,57,92,0,5,6,.300,.366,.482,.848
Bo Bichette,TOR,SS,28,139,582,78,181,44,1,18,94,4,3,40,91,0,3,3,.311,.357,.483,.840
Andy Pages,LAD,OF,25,156,581,74,158,27,1,27,86,14,7,29,135,0,6,8,.272,.313,.461,.774
CJ Abrams,WSH,SS,25,144,580,92,149,35,5,19,60,31,3,37,125,1,3,14,.257,.315,.433,.748
TJ Friedl,CIN,OF,30,152,579,82,151,22,2,14,53,12,3,81,115,4,5,16,.261,.364,.378,.742
Taylor Ward,LAA,OF,32,157,579,86,132,31,2,36,103,4,1,75,175,0,6,3,.228,.317,.475,.792
Juan Soto,NYM,OF,27,160,577,120,152,20,1,43,105,38,4,127,137,1,6,3,.263,.396,.525,.921
Gunnar Henderson,BAL,SS,24,154,577,85,158,34,5,17,68,30,5,62,137,0,5,7,.274,.349,.438,.787
Christian Yelich,MIL,DH,34,150,573,88,151,21,0,29,103,16,6,64,167,0,1,6,.264,.343,.452,.795
Seiya Suzuki,CHC,OF,31,151,571,75,140,31,3,32,103,5,2,71,164,0,8,1,.245,.326,.478,.804
J.P. Crawford,SEA,SS,31,157,570,69,151,24,0,12,58,8,1,74,122,6,1,3,.265,.352,.370,.722
Ian Happ,CHC,OF,31,150,569,87,138,32,0,23,79,6,3,87,151,0,5,2,.243,.342,.420,.762
Lawrence Butler,ATH,OF,25,152,569,83,133,30,2,21,63,22,7,59,179,2,0,0,.234,.306,.404,.710
William Contreras,MIL,C,28,150,566,89,147,28,0,17,76,6,4,84,120,0,6,3,.260,.355,.399,.754
Corbin Carroll,ARI,OF,25,143,564,107,146,32,17,31,84,32,6,67,153,0,4,7,.259,.343,.541,.884
Spencer Torkelson,DET,1B,26,155,563,82,135,27,1,31,78,2,1,72,169,0,5,9,.240,.333,.456,.789
Tyler Soderstrom,ATH,OF,24,158,561,75,155,34,1,25,93,8,3,55,141,0,2,6,.276,.346,.474,.820
Xavier Edwards,MIA,2B,26,139,561,75,159,20,5,3,43,27,7,49,88,3,3,3,.283,.343,.353,.696
Jung Hoo Lee,SF,OF,27,150,560,73,149,31,12,8,55,10,3,47,71,0,4,6,.266,.327,.407,.734
Freddie Freeman,LAD,1B,36,147,556,81,164,39,2,24,90,6,2,60,128,0,5,6,.295,.367,.502,.869
Jackson Chourio,MIL,OF,22,131,549,88,148,35,4,21,78,21,7,30,121,1,6,3,.270,.308,.463,.771
Nick Castellanos,PHI,OF,34,147,547,72,137,27,2,17,72,4,0,32,133,0,6,4,.250,.294,.400,.694
Ceddanne Rafaela,BOS,OF,25,156,546,84,136,34,4,16,63,20,5,28,117,3,2,8,.249,.295,.414,.709
Ernie Clement,TOR,3B,29,157,545,83,151,35,2,9,50,6,5,27,61,7,5,4,.277,.313,.398,.711
Otto Lopez,MIA,SS,27,143,544,66,134,21,0,15,77,15,6,44,82,0,3,3,.246,.305,.368,.673
Yainer Diaz,HOU,C,27,143,542,56,139,25,1,20,70,1,1,20,95,0,3,2,.256,.284,.417,.701
Aaron Judge,NYY,OF,33,152,541,137,179,30,2,53,114,12,5,124,160,0,7,7,.331,.457,.688,1.145
Hunter Goodman,COL,C,26,144,540,73,150,28,5,31,91,1,2,33,152,0,2,4,.278,.323,.520,.843
Jordan Beck,COL,OF,24,148,539,62,139,27,5,16,53,19,8,43,174,0,1,4,.258,.317,.416,.733
Anthony Volpe,NYY,SS,24,153,539,65,114,32,4,19,72,18,8,43,150,3,7,4,.212,.272,.391,.663
Agustin Ramirez,MIA,C,24,136,537,72,124,33,1,21,67,16,3,36,113,0,4,8,.231,.287,.413,.700
Gleyber Torres,DET,2B,29,145,532,79,136,22,0,16,74,4,1,85,101,0,7,4,.256,.358,.387,.745
Sal Frelick,MIL,OF,25,142,528,76,152,20,3,12,63,19,6,47,80,3,5,7,.288,.351,.405,.756
Jo Adell,LAA,OF,26,152,526,63,124,18,1,37,98,5,1,33,151,0,1,10,.236,.293,.485,.778
Michael Busch,CHC,1B,28,155,524,78,137,25,5,34,90,4,0,56,139,0,2,10,.261,.343,.523,.866
Lenyn Sosa,CWS,1B,26,140,518,57,137,20,1,22,75,2,1,18,127,1,3,4,.264,.293,.434,.727
Teoscar Hernandez,LAD,OF,33,134,511,65,126,29,1,25,89,5,2,26,134,0,5,3,.247,.284,.454,.738
Matt McLain,CIN,2B,26,147,510,73,112,18,0,15,50,18,2,55,167,3,4,5,.220,.300,.343,.643
Spencer Steer,CIN,1B,28,146,509,66,121,21,2,21,75,7,1,51,129,1,2,5,.238,.312,.411,.723
Lars Nootbaar,STL,OF,28,135,509,68,119,24,1,13,48,4,5,64,119,1,3,6,.234,.325,.361,.686
Adolis Garcia,TEX,OF,33,135,507,58,115,28,0,19,75,13,4,28,135,0,7,5,.227,.271,.394,.665
Brandon Lowe,TB,2B,31,134,507,79,130,19,0,31,83,3,2,38,149,0,6,2,.256,.307,.477,.784
Miguel Vargas,CWS,3B,26,138,504,80,118,32,2,16,60,6,0,56,100,0,3,6,.234,.316,.401,.717
Trevor Larnach,MIN,OF,29,142,503,62,126,24,1,17,60,4,4,53,122,0,6,4,.250,.323,.404,.727
Brenton Doyle,COL,OF,27,138,502,57,117,23,2,15,57,18,2,30,138,2,4,0,.233,.274,.376,.650
J.T. Realmuto,PHI,C,35,134,502,57,129,26,1,12,52,8,2,35,129,0,3,9,.257,.315,.384,.699
Zach Neto,LAA,SS,25,128,502,82,129,29,1,26,62,26,9,33,149,2,3,14,.257,.319,.474,.793
Bryce Harper,PHI,1B,33,132,501,72,131,32,0,27,75,12,2,70,121,0,3,6,.261,.357,.487,.844
Luis Rengifo,LAA,3B,29,147,501,55,119,16,3,9,43,10,7,33,104,1,3,3,.238,.287,.335,.622
Kyle Tucker,CHC,OF,29,136,500,91,133,25,4,22,73,25,3,87,88,1,3,4,.266,.377,.464,.841
Lourdes Gurriel,ARI,OF,32,129,500,52,124,24,2,19,80,10,4,31,76,0,9,6,.248,.295,.418,.713
Bryson Stott,PHI,2B,28,147,499,66,128,22,3,13,66,24,5,54,91,2,4,1,.257,.328,.391,.719
George Springer,TOR,OF,36,140,498,106,154,27,1,32,84,18,1,69,111,0,4,8,.309,.399,.560,.959
Alec Burleson,STL,OF,27,139,497,54,144,26,2,18,69,5,1,39,79,1,4,3,.290,.343,.459,.802
Jonathan India,KC,2B,29,136,497,63,116,29,0,9,45,0,4,54,106,1,2,13,.233,.323,.346,.669
Josh Smith,TEX,3B,28,144,495,70,124,23,2,10,35,12,3,55,100,3,1,8,.251,.335,.366,.701
Trent Grisham,NYY,OF,29,143,494,87,116,9,1,34,74,3,2,82,137,0,1,4,.235,.348,.464,.812
Jeremy Pena,HOU,SS,28,125,493,68,150,30,2,17,62,20,2,35,93,1,2,12,.304,.363,.477,.840
Gavin Sheets,SD,OF,29,145,492,57,124,28,1,19,71,2,1,44,107,0,4,5,.252,.317,.429,.746
Masyn Winn,STL,SS,23,129,491,72,124,27,0,9,51,9,5,34,102,2,2,8,.253,.310,.363,.673
Xander Bogaerts,SD,SS,33,136,491,63,129,30,0,11,53,20,2,48,94,1,8,4,.263,.328,.391,.719
Willson Contreras,STL,1B,33,135,490,70,126,31,1,20,80,5,1,44,142,1,4,23,.257,.344,.447,.791
Paul Goldschmidt,NYY,1B,38,146,489,76,134,31,1,10,45,5,1,36,100,0,2,4,.274,.328,.403,.731
Wyatt Langford,TEX,OF,24,134,489,73,118,25,1,22,62,22,6,74,151,0,5,5,.241,.344,.431,.775
Nolan Schanuel,LAA,1B,24,132,488,64,129,23,1,12,53,5,1,59,71,3,4,10,.264,.353,.389,.742
Byron Buxton,MIN,OF,32,126,488,97,129,21,7,35,83,24,0,41,148,0,6,7,.264,.327,.551,.878
Luis Garcia,WSH,2B,25,139,488,67,123,28,1,16,66,14,5,27,84,0,9,2,.252,.289,.412,.701
Marcell Ozuna,ATL,DH,35,145,487,61,113,19,0,21,68,0,0,94,144,0,7,3,.232,.355,.400,.755
Brooks Lee,MIN,SS,25,139,487,50,115,15,1,16,64,3,1,31,92,0,5,4,.236,.285,.370,.655
Jacob Wilson,ATH,SS,23,125,486,62,151,26,0,13,63,5,2,27,39,2,1,7,.311,.355,.444,.799
Josh Jung,TEX,3B,28,131,482,53,121,23,1,14,61,4,1,27,129,0,0,2,.251,.294,.390,.684
Shea Langeliers,ATH,C,28,123,481,73,133,32,0,31,72,7,1,36,103,0,5,1,.277,.325,.536,.861
Ketel Marte,ARI,2B,32,126,480,87,136,28,0,28,72,4,2,64,83,0,3,9,.283,.376,.517,.893
Andrew McCutchen,PIT,DH,39,135,477,51,114,22,0,13,57,1,1,67,118,0,3,2,.239,.333,.367,.700
Eric Wagaman,MIA,1B,28,140,476,56,119,28,3,9,53,4,1,32,100,0,5,1,.250,.296,.378,.674
Jorge Polanco,SEA,2B,32,138,471,64,125,30,0,26,78,6,3,42,82,3,5,3,.265,.326,.495,.821
Oneil Cruz,PIT,OF,27,135,471,62,94,18,3,20,61,38,5,64,174,0,5,4,.200,.298,.378,.676
Marcus Semien,TEX,2B,35,127,470,62,108,16,1,15,62,11,1,50,93,0,9,5,.230,.305,.364,.669
Joey Ortiz,MIL,SS,27,149,470,62,108,18,1,7,45,14,3,27,74,6,0,3,.230,.276,.317,.593
Kyle Manzardo,CLE,1B,25,142,470,47,110,19,2,27,70,2,0,48,135,0,5,8,.234,.313,.455,.768
Josh Bell,WSH,1B,33,140,468,54,111,16,1,22,63,0,3,57,88,0,3,5,.237,.325,.417,.742
Ben Rice,NYY,C,27,138,467,74,119,28,4,26,65,3,2,50,100,0,2,9,.255,.337,.499,.836
Alec Bohm,PHI,3B,29,120,464,53,133,18,3,11,59,2,0,29,82,0,6,5,.287,.331,.409,.740
Jazz Chisholm,NYY,2B,28,130,462,75,112,15,1,31,80,31,8,58,148,1,4,6,.242,.332,.481,.813
Addison Barger,TOR,OF,26,135,460,61,112,32,1,21,74,4,1,36,121,0,2,3,.243,.301,.454,.755
Brendan Donovan,STL,2B,29,118,460,64,132,32,0,10,50,3,3,42,67,2,4,7,.287,.353,.422,.775
Mike Trout,LAA,OF,34,130,456,73,106,14,1,26,64,2,0,87,178,0,6,6,.232,.359,.439,.798
Matt Chapman,SF,3B,32,128,454,76,105,23,2,21,61,9,4,71,126,0,4,6,.231,.340,.430,.770
Zach McKinstry,DET,SS,30,144,452,68,117,23,11,12,49,19,5,46,111,1,5,7,.259,.333,.438,.771
Alejandro Kirk,TOR,C,27,130,451,45,127,18,0,15,76,1,0,48,59,0,6,1,.282,.348,.421,.769
Chase Meidroth,CWS,SS,24,122,450,54,114,15,0,5,23,14,4,45,72,3,1,6,.253,.329,.320,.649
Angel Martinez,CLE,OF,24,139,446,56,100,23,2,11,45,8,2,23,110,5,4,6,.224,.269,.359,.628
Gavin Lux,CIN,OF,28,140,446,49,120,28,2,5,53,1,0,56,114,0,1,0,.269,.350,.374,.724
Caleb Durbin,MIL,3B,26,136,445,60,114,25,0,11,53,18,6,30,50,3,4,24,.256,.334,.387,.721
Cam Smith,HOU,OF,23,134,441,55,104,21,3,9,51,8,1,43,137,0,2,7,.236,.312,.358,.670
Jackson Merrill,SD,OF,22,115,440,59,116,25,6,16,67,1,2,33,108,1,5,4,.264,.317,.457,.774
Nathaniel Lowe,WSH,1B,30,119,440,50,95,17,2,16,68,1,0,47,130,0,2,1,.216,.292,.373,.665
Dillon Dingler,DET,C,27,126,435,54,121,21,2,13,57,0,0,23,110,0,1,9,.278,.327,.425,.752
Mickey Moniak,COL,OF,27,135,434,62,117,20,8,24,68,9,3,22,110,0,3,2,.270,.306,.518,.824
Alex Bregman,BOS,3B,31,114,433,64,118,28,0,18,62,1,1,51,70,0,2,9,.273,.360,.462,.822
Alek Thomas,ARI,OF,25,143,433,51,108,19,3,9,38,7,4,21,122,6,4,5,.249,.289,.370,.659
Kerry Carpenter,DET,OF,28,130,433,66,109,18,5,26,62,1,1,18,106,0,2,7,.252,.291,.497,.788
Gabriel Arias,CLE,SS,26,129,432,44,95,25,2,11,54,8,4,27,162,1,4,7,.220,.274,.363,.637
Mark Vientos,NYM,3B,26,121,424,44,99,21,2,17,61,1,0,30,115,0,4,5,.233,.289,.413,.702
Logan O'Hoppe,LAA,C,26,119,423,35,90,8,1,19,43,2,1,24,139,1,1,2,.213,.258,.371,.629
Andrew Benintendi,CWS,OF,31,116,420,57,101,16,2,20,63,1,0,40,82,0,6,3,.240,.307,.431,.738
Nick Kurtz,ATH,1B,23,117,420,90,122,26,2,36,86,2,1,63,151,0,3,2,.290,.383,.619,1.002
Jake Cronenworth,SD,2B,32,135,419,61,103,20,1,11,59,3,3,69,107,4,7,15,.246,.367,.377,.744
Wilmer Flores,SF,1B,34,125,419,44,101,10,0,16,71,1,0,34,88,0,3,7,.241,.307,.379,.686
Michael Conforto,LAD,OF,33,138,418,54,83,20,0,12,36,1,0,56,121,0,3,9,.199,.305,.333,.638
Javier Baez,DET,SS,33,126,417,55,107,17,3,12,57,5,1,10,109,0,3,6,.257,.282,.398,.680
Max Kepler,PHI,OF,33,127,417,58,90,19,0,18,52,3,0,48,93,1,4,4,.216,.300,.391,.691
Austin Riley,ATL,3B,28,102,416,54,108,20,1,16,54,2,1,27,128,0,1,3,.260,.309,.428,.737
Colt Keith,DET,3B,24,137,414,65,106,22,2,13,45,1,1,48,102,0,4,2,.256,.333,.413,.746
Chandler Simpson,TB,OF,25,109,414,53,122,15,3,0,26,44,12,20,43,3,2,0,.295,.326,.345,.671
Patrick Bailey,SF,C,26,135,409,47,91,18,3,6,55,1,0,30,133,4,6,3,.222,.277,.325,.602
Ryan Jeffers,MIN,C,28,119,406,47,108,26,0,9,47,1,1,50,91,0,1,7,.266,.356,.397,.753
Jake Mangum,TB,OF,30,118,405,37,120,18,1,3,40,27,6,19,64,1,1,2,.296,.330,.368,.698
Drake Baldwin,ATL,C,24,124,405,56,111,18,2,19,80,0,0,38,68,0,0,3,.274,.341,.469,.810
Carlos Narvaez,BOS,C,27,118,403,51,97,27,0,15,50,1,1,38,111,2,2,1,.241,.306,.419,.725
Isiah Kiner-Falefa,PIT,SS,30,119,401,40,106,20,2,1,35,15,4,17,69,5,1,4,.264,.300,.332,.632
Austin Wells,NYY,C,26,126,401,51,88,22,1,21,71,5,1,30,118,0,11,5,.219,.275,.436,.711
Nolan Arenado,STL,3B,34,107,401,48,95,18,1,12,52,3,0,28,49,0,4,3,.237,.289,.377,.666
Kyle Stowers,MIA,OF,28,117,399,61,115,21,3,25,73,5,1,48,125,1,4,5,.288,.368,.544,.912
Jeff McNeil,NYM,2B,33,122,399,42,97,21,5,12,54,3,0,49,55,2,4,8,.243,.335,.411,.746
Victor Scott,STL,OF,25,138,398,54,86,15,1,5,37,34,4,42,111,10,3,10,.216,.305,.296,.601
Carlos Santana,CLE,1B,39,116,396,49,89,10,0,11,52,7,0,52,86,0,4,3,.225,.316,.333,.649
Josh Lowe,TB,OF,28,108,396,56,87,21,2,11,40,18,4,33,109,1,2,3,.220,.283,.366,.649
Jonah Heim,TEX,C,30,124,395,38,84,14,0,11,43,3,0,32,88,1,4,1,.213,.271,.332,.603
Brett Baty,NYM,3B,26,130,393,53,100,13,2,18,50,8,0,33,108,0,3,2,.254,.313,.435,.748
Matt Shaw,CHC,3B,24,126,393,57,89,21,3,13,44,17,5,38,94,0,4,2,.226,.295,.394,.689
Tommy Pham,PIT,OF,38,120,392,44,96,17,1,10,52,5,3,50,94,0,5,2,.245,.330,.370,.700
Ivan Herrera,STL,DH,25,107,388,54,110,13,0,19,66,8,2,43,84,0,4,15,.284,.373,.464,.837
Nathan Lukes,TOR,OF,31,135,388,55,99,19,2,12,65,2,4,38,60,7,3,2,.255,.323,.407,.730
Eugenio Suarez,ARI,3B,34,106,387,64,96,19,0,36,87,1,0,29,117,0,6,15,.248,.320,.576,.896
Luis Robert,CWS,OF,28,110,382,52,85,12,0,14,53,33,8,40,112,1,3,2,.223,.297,.364,.661
Jasson Dominguez,NYY,OF,23,123,381,58,98,18,1,10,47,23,5,41,115,0,4,3,.257,.331,.388,.719
Nick Gonzales,PIT,2B,26,96,381,39,99,18,3,5,30,0,2,21,73,0,4,2,.260,.299,.362,.661
Austin Hays,CIN,OF,30,103,380,60,101,16,5,15,64,7,0,29,107,0,6,1,.266,.315,.453,.768
Corey Seager,TEX,SS,31,102,380,61,103,19,0,21,50,3,0,58,87,0,2,5,.271,.373,.487,.860
Brandon Marsh,PHI,OF,28,133,379,59,106,25,2,11,43,7,1,38,110,3,4,0,.280,.342,.443,.785
Daniel Schneemann,CLE,2B,29,131,379,48,78,18,1,12,41,9,3,38,117,1,1,3,.206,.283,.354,.637
Isaac Paredes,HOU,3B,27,102,378,53,96,15,1,20,53,0,1,50,76,0,2,8,.254,.352,.458,.810
Tyler Freeman,COL,OF,26,110,377,50,106,20,2,2,31,18,9,34,51,2,4,11,.281,.354,.361,.715
Royce Lewis,MIN,3B,26,106,376,36,89,18,0,13,52,12,2,25,80,0,2,0,.237,.283,.388,.671
Wilyer Abreu,BOS,OF,26,115,373,53,92,17,0,22,69,6,3,40,101,1,3,0,.247,.317,.469,.786
Isaac Collins,MIL,OF,28,130,372,56,98,22,3,9,54,16,7,57,93,3,3,6,.263,.368,.411,.779
Nick Allen,ATL,SS,27,135,371,32,82,11,0,0,22,8,7,31,99,8,3,3,.221,.284,.251,.535
Jonathan Aranda,TB,1B,27,106,370,56,117,22,0,14,59,0,2,41,107,0,3,8,.316,.393,.489,.882
Ke'Bryan Hayes,PIT,3B,29,100,369,34,87,10,2,2,36,10,2,18,81,1,0,4,.236,.279,.290,.569
Carson Kelly,CHC,C,31,111,369,48,92,13,1,17,50,2,0,45,80,0,4,3,.249,.333,.428,.761
Mauricio Dubon,HOU,OF,31,133,369,43,89,21,0,7,33,3,0,24,42,3,1,1,.241,.289,.355,.644
Kyle Isbel,KC,OF,29,135,368,42,94,16,4,4,33,4,5,23,74,13,3,2,.255,.301,.353,.654
Edgar Quero,CWS,C,22,111,365,31,98,17,0,5,36,0,1,32,71,0,2,4,.268,.333,.356,.689
Spencer Horwitz,PIT,1B,28,108,364,55,99,26,0,11,51,0,1,44,73,0,1,2,.272,.353,.434,.787
Jordan Walker,STL,OF,23,111,363,40,78,13,1,6,41,10,3,29,126,0,1,3,.215,.278,.306,.584
Will Smith,LAD,C,30,110,362,64,107,20,1,17,61,2,3,64,89,0,5,5,.296,.404,.497,.901
Pedro Pages,STL,C,27,112,361,38,83,15,0,11,45,0,0,19,107,3,3,3,.230,.272,.363,.635
Ezequiel Tovar,COL,SS,24,95,360,44,91,18,4,9,33,5,3,21,98,6,2,1,.253,.294,.400,.694
Bo Naylor,CLE,C,26,123,359,46,70,22,1,14,47,1,2,45,99,3,6,1,.195,.282,.379,.661
Jake Burger,TEX,1B,29,103,356,43,84,15,1,16,53,1,1,12,93,0,3,5,.236,.269,.419,.688
Nolan Jones,CLE,OF,27,136,355,34,75,14,2,5,34,8,3,39,113,1,3,5,.211,.296,.304,.600
Nolan Gorman,STL,2B,25,111,351,48,72,14,1,14,46,1,1,47,136,0,4,0,.205,.296,.370,.666
Ty France,MIN,1B,31,101,350,41,88,19,0,6,44,1,0,19,63,0,1,17,.251,.320,.357,.677
Ryan McMahon,COL,3B,31,100,350,42,76,15,1,16,35,2,1,49,127,0,1,1,.217,.314,.403,.717
Josh Naylor,ARI,1B,28,93,349,49,102,19,1,11,59,11,2,37,49,0,4,2,.292,.360,.447,.807
Tommy Edman,LAD,2B,30,97,346,49,78,13,1,13,49,3,1,19,61,1,5,6,.225,.274,.382,.656
Brayan Rocchio,CLE,SS,25,115,344,34,80,18,2,5,44,8,4,22,77,4,5,8,.233,.290,.340,.630
Wenceel Perez,DET,OF,26,100,344,47,84,17,4,13,43,8,3,31,87,0,5,3,.244,.308,.430,.738
Victor Caratini,HOU,C,32,114,344,35,89,14,0,12,46,1,0,23,65,0,6,13,.259,.324,.404,.728
Jake Meyers,HOU,OF,29,104,343,53,100,15,2,3,24,16,5,31,67,2,2,3,.292,.354,.373,.727
Kody Clemens,MIN,1B,29,112,342,46,74,12,4,19,52,5,1,28,93,2,2,5,.216,.284,.442,.726
Noelvi Marte,CIN,OF,24,90,339,45,89,17,2,14,51,10,3,16,85,0,2,3,.263,.300,.448,.748
Ronald Acuna,ATL,OF,28,95,338,74,98,12,1,21,42,9,1,71,102,0,0,3,.290,.417,.518,.935
Carlos Correa,MIN,3B,31,93,337,40,90,19,0,7,31,0,0,26,68,0,1,0,.267,.319,.386,.705
Matt Wallner,MIN,OF,28,104,336,47,68,16,3,22,40,4,3,46,114,0,2,8,.202,.311,.464,.775
Rafael Devers,SF,1B,29,90,335,52,79,15,0,20,51,0,0,56,116,0,2,2,.236,.347,.460,.807
Mike Tauchman,CWS,OF,35,93,335,44,88,17,1,9,40,0,0,45,86,0,1,4,.263,.356,.400,.756
Ryan Mountcastle,BAL,1B,29,89,332,34,83,18,0,7,35,3,0,15,98,0,6,4,.250,.286,.367,.653
Liam Hicks,MIA,C,26,119,332,37,82,13,1,6,45,2,0,43,56,3,3,9,.247,.346,.346,.692
Jared Triolo,PIT,3B,28,107,331,41,75,18,2,7,24,13,2,39,76,3,1,2,.227,.311,.356,.667
Andres Gimenez,TOR,2B,27,101,329,39,69,11,1,7,35,12,2,25,66,1,3,11,.210,.285,.313,.598
Jordan Westburg,BAL,3B,27,85,328,59,87,10,1,17,41,1,2,17,80,0,1,6,.265,.313,.457,.770
Colton Cowser,BAL,OF,25,92,327,36,64,14,0,16,40,14,0,27,128,0,0,6,.196,.269,.385,.654
Jacob Young,WSH,OF,26,120,324,34,75,10,1,2,31,15,11,27,65,9,1,3,.231,.296,.287,.583
Adley Rutschman,BAL,C,28,90,322,37,71,16,2,9,29,0,0,40,57,0,2,1,.220,.307,.366,.673
Mike Yastrzemski,SF,OF,35,97,321,38,74,14,1,8,28,6,2,47,86,2,1,1,.231,.330,.355,.685
Daylen Lile,WSH,OF,23,91,321,51,96,15,11,9,41,8,6,21,56,1,3,4,.299,.347,.498,.845
Jurickson Profar,ATL,OF,33,80,318,56,78,16,1,14,43,9,2,48,59,0,0,5,.245,.353,.434,.787
Romy Gonzalez,BOS,2B,29,96,315,47,96,23,3,9,53,6,5,18,81,0,5,3,.305,.343,.483,.826
Cedric Mullins,BAL,OF,31,91,314,42,72,19,0,15,49,14,4,34,85,1,4,2,.229,.305,.433,.738
Max Muncy,LAD,3B,35,100,313,48,76,10,2,19,67,4,0,64,83,0,5,6,.243,.376,.470,.846
Javier Sanoja,MIA,OF,23,120,313,40,76,22,4,6,38,6,5,19,41,4,4,2,.243,.287,.396,.683
Casey Schmitt,SF,2B,27,95,312,34,74,15,0,12,40,0,0,27,83,1,3,5,.237,.305,.401,.706
Ryan O'Hearn,BAL,1B,32,94,311,45,88,15,1,13,43,3,1,42,63,0,3,5,.283,.374,.463,.837
Connor Norby,MIA,3B,25,88,311,42,78,17,1,8,34,8,2,18,90,0,3,5,.251,.300,.389,.689
Tyrone Taylor,NYM,OF,32,113,310,34,69,18,3,2,27,12,2,16,76,3,2,9,.223,.279,.319,.598
JJ Bleday,ATH,OF,28,98,307,48,65,17,0,14,39,1,2,36,91,0,1,0,.212,.294,.404,.698
Dane Myers,MIA,OF,30,106,307,29,72,10,0,6,31,18,5,23,77,0,1,2,.235,.291,.326,.617
Michael Toglia,COL,1B,27,88,306,22,58,15,1,11,32,3,0,28,132,0,2,1,.190,.258,.353,.611
Jose Iglesias,SD,2B,36,112,306,29,70,11,0,3,36,5,1,24,56,4,2,7,.229,.298,.294,.592
Jesus Sanchez,MIA,OF,28,86,305,40,78,12,4,10,36,9,2,29,70,0,2,1,.256,.320,.420,.740
Kyle Higashioka,TEX,C,35,94,303,33,73,14,1,11,47,3,1,20,72,0,2,2,.241,.291,.403,.694
Willi Castro,MIN,OF,28,86,302,48,74,15,2,10,27,9,3,32,84,1,0,9,.245,.335,.407,.742
Santiago Espinal,CIN,3B,31,114,301,25,73,12,0,0,16,2,1,21,38,3,2,1,.243,.292,.282,.574
Brooks Baldwin,CWS,OF,25,103,300,32,72,15,1,11,38,5,0,21,86,4,2,1,.240,.290,.407,.697
Tyler Stephenson,CIN,C,29,88,299,40,69,18,0,13,50,0,1,37,116,0,4,2,.231,.316,.421,.737
Trey Sweeney,DET,SS,25,118,296,36,58,6,2,6,32,3,1,26,92,0,4,0,.196,.258,.291,.549
Michael Taylor,CWS,OF,34,134,295,33,59,20,1,9,35,8,3,23,110,4,2,1,.200,.259,.366,.625
Starling Marte,NYM,OF,37,98,293,37,79,14,0,9,34,7,2,22,68,1,4,9,.270,.335,.410,.745
Dylan Crews,WSH,OF,24,85,293,43,61,8,2,10,27,17,5,24,76,0,0,5,.208,.280,.352,.632
Sean Murphy,ATL,C,31,94,291,34,58,13,0,16,45,0,0,35,105,0,3,8,.199,.300,.409,.709
Miguel Rojas,LAD,SS,37,114,290,35,76,18,0,7,27,5,0,24,46,3,0,0,.262,.318,.397,.715
Luis Urias,ATH,2B,28,96,287,27,66,7,0,8,25,2,1,31,45,0,3,6,.230,.315,.338,.653
Joey Bart,PIT,C,29,93,285,21,71,12,1,4,30,1,1,40,93,0,0,7,.249,.355,.340,.695
Taylor Walls,TB,SS,29,101,282,36,62,14,1,4,38,14,6,26,70,3,6,0,.220,.280,.319,.599
Jose Trevino,CIN,C,33,94,282,30,67,20,0,4,22,0,0,15,39,1,4,0,.238,.272,.351,.623
Rhys Hoskins,MIL,1B,33,90,279,30,66,12,1,12,43,2,1,38,91,0,6,5,.237,.332,.416,.748
Jorge Soler,LAA,OF,34,82,279,31,60,12,0,12,34,0,0,28,94,0,3,4,.215,.293,.387,.680
Christopher Morel,TB,OF,26,105,278,37,61,16,0,11,33,7,2,25,109,0,0,2,.219,.289,.396,.685
Gabriel Moreno,ARI,C,26,83,277,44,79,12,1,9,40,2,2,29,53,0,2,1,.285,.353,.433,.786
Kyle Farmer,COL,2B,35,97,277,24,63,14,0,8,31,0,1,17,66,0,2,4,.227,.280,.365,.645
Ben Williamson,SEA,3B,25,85,277,36,70,13,0,1,21,5,1,15,64,2,0,1,.253,.294,.310,.604
Thomas Saggese,STL,2B,23,82,275,25,71,17,0,2,25,3,0,16,83,1,2,1,.258,.299,.342,.641
Rafael Devers,BOS,1B,29,73,272,47,74,18,0,15,58,1,1,56,76,0,2,4,.272,.401,.504,.905
Harrison Bader,MIN,OF,31,96,271,31,70,13,0,12,38,10,4,27,81,0,2,7,.258,.339,.439,.778
Myles Straw,TOR,OF,31,137,267,51,70,14,1,4,32,12,1,19,50,11,1,1,.262,.313,.367,.680
Joc Pederson,TEX,DH,33,96,265,28,48,10,1,9,26,2,0,34,65,0,1,5,.181,.285,.328,.613
Riley Adams,WSH,C,29,83,263,29,49,8,0,8,24,1,0,18,110,0,0,5,.186,.252,.308,.560
Coby Mayo,BAL,1B,24,85,263,30,57,12,0,11,28,3,0,27,84,0,0,4,.217,.299,.388,.687
Michael Massey,KC,2B,27,77,262,20,64,9,0,3,20,2,1,9,43,1,4,1,.244,.268,.313,.581
Luis Torrens,NYM,C,29,93,261,20,59,14,1,5,29,1,0,19,56,1,0,2,.226,.284,.345,.629
Brady House,WSH,3B,22,73,261,26,61,11,0,4,29,5,3,8,78,0,5,0,.234,.252,.322,.574
Ramon Laureano,BAL,OF,31,82,259,45,75,17,0,15,46,4,3,22,72,0,3,6,.290,.355,.529,.884
Abraham Toro,BOS,1B,29,77,259,33,62,13,0,7,27,2,1,14,42,0,5,6,.239,.289,.371,.660
Ramon Urias,BAL,3B,31,77,258,27,64,12,0,8,34,2,0,21,60,0,9,2,.248,.300,.388,.688
Roman Anthony,BOS,OF,21,71,257,48,75,18,1,8,32,4,1,40,84,0,1,5,.292,.396,.463,.859
Heriberto Hernandez,MIA,OF,26,87,256,40,68,12,1,10,45,1,1,31,77,0,4,3,.266,.347,.438,.785
Eli White,ATL,OF,31,105,256,43,60,8,3,10,35,10,1,11,70,1,1,2,.234,.270,.406,.676
Keibert Ruiz,WSH,C,27,68,255,19,63,12,0,2,25,0,2,8,26,0,1,3,.247,.277,.318,.595
Elias Diaz,SD,C,35,106,255,34,52,7,0,9,29,0,0,21,74,5,0,2,.204,.270,.337,.607
Colson Montgomery,CWS,SS,24,71,255,43,61,9,1,21,55,0,0,25,83,0,1,2,.239,.311,.529,.840
Mitch Garver,SEA,C,35,87,254,29,53,5,1,9,30,3,0,30,80,0,3,3,.209,.297,.343,.640
Kyle Teel,CWS,C,24,78,253,38,69,11,0,8,35,3,1,37,77,1,1,5,.273,.375,.411,.786
Henry Davis,PIT,C,26,87,252,25,42,7,0,7,22,2,1,18,76,3,3,5,.167,.234,.278,.512
Giancarlo Stanton,NYY,OF,36,77,249,36,68,8,0,24,66,0,0,29,96,0,1,1,.273,.350,.594,.944
Yoan Moncada,LAA,3B,30,84,248,39,58,13,2,12,35,0,0,32,75,0,2,7,.234,.336,.448,.784
Daulton Varsho,TOR,OF,29,71,248,43,59,13,2,20,55,2,0,17,77,0,5,1,.238,.284,.548,.832
Francisco Alvarez,NYM,C,24,76,246,32,63,12,1,11,32,0,0,27,73,0,0,4,.256,.339,.447,.786
Pavin Smith,ARI,1B,30,87,244,36,63,17,1,8,28,2,2,41,92,0,2,0,.258,.362,.434,.796
Edmundo Sosa,PHI,3B,30,89,243,30,67,12,1,11,39,1,1,10,56,3,2,2,.276,.307,.469,.776
Dominic Canzone,SEA,OF,28,82,243,30,73,11,0,11,32,3,1,20,59,0,2,3,.300,.358,.481,.839
Jose Caballero,TB,SS,29,86,235,37,53,12,1,2,27,34,8,33,80,3,1,3,.226,.327,.311,.638
Adam Frazier,PIT,2B,34,78,235,22,60,10,0,3,21,7,5,17,45,1,3,6,.255,.318,.336,.654
Enrique Hernandez,LAD,3B,34,93,232,30,47,8,0,10,35,0,0,18,68,1,5,0,.203,.255,.366,.621
Will Benson,CIN,OF,27,90,230,31,52,8,2,12,41,2,2,16,67,0,6,1,.226,.273,.435,.708
Blaze Alexander,ARI,3B,26,74,230,31,53,12,1,7,28,4,6,22,86,3,1,10,.230,.323,.383,.706
Kristian Campbell,BOS,2B,23,67,229,24,51,10,0,6,21,2,1,29,72,0,1,4,.223,.319,.345,.664
Cole Young,SEA,2B,22,77,223,24,47,7,1,4,24,1,0,28,47,2,2,2,.211,.302,.305,.607
Danny Jansen,TB,C,30,73,221,28,45,8,0,11,29,0,0,33,68,1,1,3,.204,.314,.389,.703
Andrew Vaughn,MIL,1B,27,64,221,26,68,14,0,9,46,0,0,24,37,1,5,3,.308,.375,.493,.868
Miguel Andujar,ATH,OF,31,60,218,22,65,10,1,6,27,1,0,11,30,0,2,0,.298,.329,.436,.765
Dylan Carlson,BAL,OF,27,83,217,17,44,9,1,6,20,3,3,21,54,0,1,2,.203,.278,.336,.614
Tyler Fitzgerald,SF,2B,28,72,217,19,47,10,1,4,14,9,4,17,70,6,1,2,.217,.278,.327,.605
Alexander Canario,PIT,OF,25,87,216,25,47,6,1,6,20,3,1,17,80,0,1,0,.218,.274,.338,.612
Travis d'Arnaud,LAA,C,37,69,213,16,42,13,0,6,21,0,0,13,74,0,1,4,.197,.255,.343,.598
Jac Caglianone,KC,OF,23,62,210,19,33,6,1,7,18,1,0,18,52,0,0,4,.157,.237,.295,.532
Jakob Marsee,MIA,OF,24,55,209,28,61,18,3,5,33,14,6,22,48,0,1,2,.292,.363,.478,.841
Max Muncy,ATH,3B,23,63,206,17,44,7,0,9,23,1,1,10,68,0,1,3,.214,.259,.379,.638
Drew Waters,KC,OF,27,71,206,21,50,6,3,1,14,5,3,11,60,0,0,2,.243,.288,.316,.604
Jake McCarthy,ARI,OF,28,67,206,18,42,7,5,4,20,6,0,10,40,3,1,2,.204,.247,.345,.592
Ezequiel Duran,TEX,1B,26,90,205,16,46,14,0,0,14,11,2,8,55,1,1,4,.224,.266,.293,.559
Dominic Smith,SF,1B,30,63,204,26,58,12,0,5,33,2,0,15,42,0,4,2,.284,.333,.417,.750
Eugenio Suarez,SEA,3B,34,53,201,27,38,9,0,13,31,3,1,17,79,0,1,1,.189,.255,.428,.683
Carlos Correa,HOU,3B,31,51,200,23,58,10,0,6,21,0,0,19,45,0,0,1,.290,.355,.430,.785
Tim Tawa,ARI,2B,26,74,199,29,40,8,0,7,18,8,2,20,64,2,3,1,.201,.274,.347,.621
Otto Kemp,PHI,3B,26,62,197,26,46,11,0,8,28,2,2,12,67,0,2,7,.234,.298,.411,.709
Alex Verdugo,ATL,OF,29,56,197,21,47,10,0,0,12,1,0,14,31,0,0,2,.239,.296,.289,.585
Alex Call,WSH,OF,31,72,197,30,54,9,2,3,26,1,1,26,36,5,3,6,.274,.371,.386,.757
Robert Hassell,WSH,OF,24,70,197,22,44,9,0,3,18,4,0,8,62,0,0,1,.223,.257,.315,.572
Kameron Misner,TB,OF,28,71,197,27,42,9,1,5,22,8,1,16,69,1,2,1,.213,.273,.345,.618
Evan Carter,TEX,OF,23,63,194,31,48,9,2,5,25,14,2,19,41,0,0,7,.247,.336,.392,.728
Josh Naylor,SEA,1B,28,54,194,32,58,10,0,9,33,19,0,11,34,0,1,2,.299,.341,.490,.831
Anthony Santander,TOR,OF,31,54,194,16,34,5,0,6,18,0,0,25,61,0,1,1,.175,.271,.294,.565
Paul DeJong,WSH,3B,32,57,193,18,44,10,0,6,23,4,0,11,70,0,3,1,.228,.269,.373,.642
Dylan Moore,SEA,2B,33,88,192,29,37,5,0,9,19,12,4,19,76,0,2,0,.193,.263,.359,.622
Freddy Fermin,KC,C,30,67,192,17,49,7,0,3,12,1,2,13,37,1,0,2,.255,.309,.339,.648
Parker Meadows,DET,OF,26,58,191,22,41,6,2,4,16,4,0,21,56,0,1,0,.215,.291,.330,.621
Christian Vazquez,MIN,C,35,65,190,14,36,7,0,3,14,1,1,18,35,0,2,4,.189,.271,.274,.545
Josh Rojas,CWS,3B,31,69,189,14,34,9,0,2,11,4,1,19,48,1,2,0,.180,.252,.259,.511
Davis Schneider,TOR,OF,27,82,188,33,44,5,0,11,31,3,1,36,60,0,1,2,.234,.361,.436,.797
Nacho Alvarez,ATL,3B,22,58,188,18,44,12,0,2,15,0,0,12,49,2,1,5,.234,.296,.330,.626
Masataka Yoshida,BOS,DH,32,55,188,16,50,11,0,4,26,3,0,10,24,0,4,3,.266,.307,.388,.695
Ryan Ritter,COL,SS,25,60,187,22,45,9,3,1,18,3,1,10,61,4,1,5,.241,.296,.337,.633
Andrew Vaughn,CWS,1B,27,48,185,9,35,8,0,5,19,0,0,7,43,0,1,0,.189,.218,.314,.532
Adam Frazier,KC,2B,34,56,184,21,52,10,0,4,23,1,1,9,36,0,2,2,.283,.320,.402,.722
Jake Bauers,MIL,1B,30,86,183,28,43,9,0,7,28,8,1,32,59,0,1,2,.235,.353,.399,.752
Luke Raley,SEA,OF,31,73,183,23,37,8,0,4,19,2,1,19,64,3,1,13,.202,.319,.311,.630
Max Schuemann,ATH,2B,28,101,183,20,36,4,2,2,13,7,1,22,35,3,1,4,.197,.295,.273,.568
Luke Keaschall,MIN,2B,23,49,182,25,55,14,0,4,28,14,3,19,29,0,1,5,.302,.382,.445,.827
Edouard Julien,MIN,2B,26,64,182,13,40,10,0,3,12,0,3,22,61,1,1,2,.220,.309,.324,.633
Rob Refsnyder,BOS,OF,34,70,182,29,49,12,0,9,30,3,0,24,54,0,2,1,.269,.354,.484,.838
Ramon Laureano,SD,OF,31,50,182,27,49,9,2,9,30,3,1,13,47,0,1,2,.269,.323,.489,.812
Tyler O'Neill,BAL,OF,30,54,181,22,36,6,1,9,26,4,0,22,51,0,3,3,.199,.292,.392,.684
Gio Urshela,ATH,3B,34,59,181,10,43,14,1,0,20,0,1,13,40,2,1,0,.238,.287,.326,.613
Harrison Bader,PHI,OF,31,50,177,30,54,11,1,5,16,1,3,12,55,0,1,4,.305,.361,.463,.824
David Hamilton,BOS,2B,28,91,177,27,35,4,1,6,19,22,6,13,47,3,0,1,.198,.257,.333,.590
Andy Ibanez,DET,3B,32,91,176,24,42,8,0,4,21,4,1,12,26,0,1,4,.239,.301,.352,.653
Randal Grichuk,ARI,OF,34,70,175,25,42,15,1,7,22,0,1,10,39,0,3,0,.240,.277,.457,.734
Luisangel Acuna,NYM,2B,24,95,175,30,41,7,0,0,8,16,1,13,37,2,1,2,.234,.293,.274,.567
Christian Koss,SF,SS,28,76,174,25,46,9,0,3,23,4,1,9,45,3,2,3,.264,.309,.368,.677
Darell Hernaiz,ATH,3B,24,51,173,17,40,5,1,2,16,3,4,17,24,2,5,0,.231,.292,.306,.598
Rowdy Tellez,SEA,1B,31,62,173,20,36,6,0,11,27,1,0,8,49,0,2,2,.208,.249,.434,.683
Orlando Arcia,COL,SS,31,62,172,12,35,6,1,3,12,0,1,9,39,0,1,0,.203,.242,.302,.544
Luis Matos,SF,OF,24,57,172,26,38,9,1,8,22,4,0,11,27,0,1,0,.221,.266,.424,.690
Jeremiah Jackson,BAL,OF,25,48,170,20,47,10,2,5,21,0,2,11,50,0,0,2,.276,.328,.447,.775
Justin Turner,CHC,1B,41,80,169,14,37,7,0,3,18,2,0,17,37,0,4,1,.219,.288,.314,.602
Ronny Mauricio,NYM,3B,24,61,168,19,38,6,0,6,10,4,0,15,54,0,0,1,.226,.293,.369,.662
Nick Loftin,KC,OF,27,67,168,17,35,9,2,4,20,1,1,14,27,1,2,3,.208,.278,.357,.635
Connor Wong,BOS,C,29,63,168,16,32,8,0,0,7,2,1,16,42,1,2,1,.190,.262,.238,.500
Jake Fraley,CIN,OF,30,67,168,29,39,8,0,6,23,4,2,24,41,0,0,1,.232,.332,.387,.719
Jose Herrera,ARI,C,29,58,166,21,31,6,0,2,17,0,0,23,47,11,3,1,.187,.285,.259,.544
Yordan Alvarez,HOU,DH,28,48,165,17,45,8,0,6,27,1,1,28,33,0,6,0,.273,.367,.430,.797
Ryan O'Hearn,SD,1B,32,50,163,22,45,6,0,4,20,0,0,16,46,0,1,3,.276,.350,.387,.737
Donovan Solano,SEA,1B,38,69,163,10,41,4,1,3,21,0,0,8,38,0,2,3,.252,.295,.344,.639
Sam Haggerty,TEX,OF,31,64,162,31,41,7,3,2,13,12,4,16,37,1,0,2,.253,.328,.370,.698
Christian Moore,LAA,2B,23,53,162,20,32,5,1,7,16,3,0,19,62,1,1,1,.198,.284,.370,.654
Hyeseong Kim,LAD,2B,27,71,161,19,45,6,1,3,17,13,1,7,52,1,0,1,.280,.314,.385,.699
Graham Pauley,MIA,3B,25,62,161,18,36,9,1,4,11,2,0,21,36,1,1,0,.224,.311,.366,.677
Yohel Pozo,STL,C,28,67,160,16,37,8,0,5,19,0,0,7,22,0,1,0,.231,.262,.375,.637
Ryan McMahon,NYY,3B,31,54,159,20,33,8,0,4,18,1,0,21,62,0,2,3,.208,.308,.333,.641
Ke'Bryan Hayes,CIN,3B,29,52,158,16,37,6,1,3,13,2,1,18,30,0,1,1,.234,.315,.342,.657
Oswald Peraza,NYY,3B,25,71,158,18,24,5,0,3,13,3,0,11,47,0,0,1,.152,.212,.241,.453
Austin Martin,MIN,OF,26,50,156,22,44,8,1,1,7,11,4,22,31,2,0,1,.282,.374,.365,.739
Heston Kjerstad,BAL,OF,27,54,156,16,30,5,2,4,19,1,0,6,45,0,1,4,.192,.240,.327,.567
Mike Yastrzemski,KC,OF,35,50,156,30,37,14,0,9,18,1,0,25,22,0,4,1,.237,.339,.500,.839
Austin Hedges,CLE,C,33,70,155,13,25,3,0,5,10,1,2,18,43,4,2,1,.161,.250,.277,.527
Blake Perkins,MIL,OF,29,54,155,25,35,6,2,3,19,7,2,15,47,0,0,1,.226,.298,.348,.646
Thairo Estrada,COL,2B,30,39,154,14,39,9,0,3,21,1,3,6,26,0,3,2,.253,.285,.370,.655
John Rave,KC,OF,28,72,153,18,30,5,0,4,14,7,2,18,46,2,1,1,.196,.283,.307,.590
Johan Rojas,PHI,OF,25,71,152,23,34,3,2,1,18,12,2,13,40,4,3,0,.224,.280,.289,.569
Jose Tena,WSH,3B,24,50,152,19,37,13,2,0,16,3,1,15,37,0,1,1,.243,.314,.355,.669
Miles Mastrobuoni,SEA,3B,30,76,152,20,38,4,0,1,12,6,3,17,29,5,1,0,.250,.324,.296,.620
Alejandro Osuna,TEX,OF,23,63,151,12,32,4,0,2,15,5,4,21,34,0,2,2,.212,.313,.278,.591
Jack Suwinski,PIT,OF,27,59,150,15,22,7,0,3,10,7,1,24,57,0,0,4,.147,.281,.253,.534
Tyler Heineman,TOR,C,34,64,149,25,43,8,1,3,20,2,0,12,31,5,2,6,.289,.361,.416,.777
Amed Rosario,WSH,3B,30,47,148,19,40,8,0,5,18,1,0,7,22,0,1,2,.270,.310,.426,.736
Jhonkensy Noel,CLE,OF,24,69,148,19,24,2,0,6,13,0,0,4,52,0,1,0,.162,.183,.297,.480
Denzel Clarke,ATH,OF,25,47,148,18,34,8,2,3,8,6,0,6,61,2,0,3,.230,.274,.372,.646
Martin Maldonado,SD,C,39,64,147,11,30,6,0,4,12,0,0,8,57,6,0,0,.204,.245,.327,.572
Jesus Sanchez,HOU,OF,28,48,146,21,29,9,0,4,12,4,1,13,40,0,0,1,.199,.269,.342,.611
David Fry,CLE,DH,30,66,146,16,25,4,0,8,23,1,0,9,58,0,0,2,.171,.229,.363,.592
LaMonte Wade,SF,1B,32,50,144,12,24,8,2,1,15,0,0,21,35,2,1,1,.167,.275,.271,.546
Dalton Rushing,LAD,C,25,53,142,15,29,5,0,4,24,0,0,10,58,0,2,1,.204,.258,.324,.582
Warming Bernabel,COL,1B,23,40,139,15,35,8,1,4,14,1,1,7,25,0,0,0,.252,.288,.410,.698
Yanquiel Fernandez,COL,OF,23,52,138,13,31,5,0,4,11,0,0,8,44,0,1,0,.225,.265,.348,.613
Bryce Teodosio,LAA,OF,26,50,138,12,28,7,2,1,7,7,1,5,47,1,2,4,.203,.248,.304,.552
Kyle Karros,COL,3B,23,43,137,20,31,4,0,1,9,0,0,15,41,0,2,2,.226,.308,.277,.585
Reese McGuire,CHC,C,31,45,133,17,30,2,0,9,24,0,0,4,27,1,2,0,.226,.245,.444,.689
Christian Encarnacion-Strand,CIN,1B,26,36,130,13,27,4,0,6,19,0,2,3,32,0,2,2,.208,.234,.377,.611
Jahmai Jones,DET,OF,28,72,129,21,37,11,1,7,23,2,0,18,32,0,0,3,.287,.387,.550,.937
Nick Fortes,MIA,C,29,59,129,11,31,6,1,2,10,0,0,7,22,2,1,2,.240,.288,.349,.637
Joshua Palacios,CWS,OF,30,51,128,11,26,4,0,3,9,0,0,12,36,1,0,4,.203,.292,.305,.597
DJ LeMahieu,NYY,2B,37,45,128,13,34,3,0,2,12,0,0,14,35,0,0,0,.266,.338,.336,.674
Derek Hill,MIA,OF,30,53,127,19,27,6,0,3,10,7,0,9,46,3,0,2,.213,.275,.331,.606
Freddy Fermin,SD,C,30,42,127,15,31,6,0,2,14,0,0,6,28,6,0,0,.244,.278,.339,.617
Marcelo Mayer,BOS,3B,23,44,127,20,29,8,1,4,10,0,2,8,41,0,1,0,.228,.272,.402,.674
Kyren Paris,LAA,OF,24,44,126,20,24,4,1,6,11,7,1,10,59,0,0,3,.190,.266,.381,.647
Andruw Monasterio,MIL,SS,28,68,126,19,34,9,0,4,16,2,1,7,32,0,0,2,.270,.319,.437,.756
Lane Thomas,CLE,OF,30,39,125,10,20,2,0,4,11,4,1,14,44,0,2,1,.160,.246,.272,.518
Curtis Mead,CWS,3B,25,41,125,12,30,8,0,0,11,1,0,3,30,0,0,4,.240,.280,.304,.584
Austin Slater,CWS,OF,33,51,123,20,29,6,1,5,11,1,0,11,35,1,0,0,.236,.299,.423,.722
James McCann,ARI,C,35,42,123,18,32,6,0,5,17,0,0,8,33,1,1,4,.260,.324,.431,.755
Jake Rogers,DET,C,30,49,123,14,23,5,2,3,19,0,0,15,39,1,2,1,.187,.277,.333,.610
CJ Kayfus,CLE,OF,24,44,123,16,27,10,1,4,19,4,0,11,38,1,1,2,.220,.292,.415,.707
Cedric Mullins,NYM,OF,31,42,121,16,22,4,1,2,10,8,0,16,35,2,2,2,.182,.284,.281,.565
Matt Mervis,MIA,1B,27,42,120,15,21,4,0,7,14,0,0,11,50,0,1,2,.175,.254,.383,.637
Emmanuel Rivera,BAL,3B,29,43,120,5,30,4,0,0,13,1,0,6,24,0,0,1,.250,.291,.283,.574
Colby Thomas,ATH,OF,25,49,120,20,27,5,0,6,19,2,1,7,49,1,3,1,.225,.267,.417,.684
Adrian Del Castillo,ARI,DH,26,44,120,9,29,6,0,4,17,0,0,8,47,0,2,1,.242,.290,.392,.682
Taylor Trammell,HOU,OF,28,52,117,15,23,7,0,3,12,3,2,17,41,0,1,0,.197,.296,.333,.629
Rowdy Tellez,TEX,1B,31,50,116,14,30,5,0,6,22,0,0,9,34,0,1,1,.259,.315,.457,.772
Brendan Rodgers,HOU,2B,29,43,115,12,22,4,0,2,11,0,1,11,46,0,1,1,.191,.266,.278,.544
Ildemaro Vargas,ARI,2B,34,38,115,12,31,2,1,3,19,0,0,2,15,1,1,2,.270,.292,.383,.675
Curtis Mead,TB,3B,25,49,115,14,26,2,1,3,8,4,1,12,33,0,1,4,.226,.318,.339,.657
Cody Freeman,TEX,2B,25,36,114,13,26,4,0,3,15,1,1,5,19,1,1,0,.228,.258,.342,.600
Kevin Newman,LAA,3B,32,57,114,13,23,2,0,2,11,1,0,1,23,1,0,0,.202,.209,.272,.481
Will Wagner,TOR,3B,27,40,114,13,27,7,0,0,7,1,0,15,26,1,0,2,.237,.336,.298,.634
Mark Canha,KC,OF,37,46,113,9,24,3,0,1,6,0,1,7,24,0,2,3,.212,.272,.265,.537
Adael Amador,COL,2B,22,41,113,5,20,7,0,1,10,1,1,11,27,3,0,1,.177,.256,.265,.521
Troy Johnston,MIA,OF,28,44,112,12,31,2,1,4,13,2,2,8,26,0,0,1,.277,.331,.420,.751
Weston Wilson,PHI,OF,31,54,111,15,22,4,0,5,17,2,3,12,34,1,0,1,.198,.282,.369,.651
Dylan Beavers,BAL,OF,24,35,110,16,25,5,1,4,14,2,2,26,36,1,0,0,.227,.375,.400,.775
Samuel Basallo,BAL,C,21,31,109,10,18,6,0,4,15,0,0,6,30,0,0,3,.165,.229,.330,.559
Braxton Fulford,COL,C,27,38,108,11,23,5,2,1,16,1,0,7,36,0,3,2,.213,.267,.324,.591
Oswaldo Cabrera,NYY,3B,27,34,107,17,26,4,0,1,11,0,1,11,25,1,1,2,.243,.322,.308,.630
Tyler Wade,SD,OF,31,60,107,13,22,1,2,0,9,1,2,15,31,4,0,1,.206,.309,.252,.561
Victor Robles,SEA,OF,28,32,106,12,26,4,1,1,9,6,2,3,26,0,2,3,.245,.281,.330,.611
Rafael Marchan,PHI,C,27,42,105,9,22,4,0,2,13,0,0,10,17,1,1,1,.210,.282,.305,.587
Justyn-Henry Malloy,DET,OF,26,52,104,15,23,6,0,1,17,0,0,20,32,0,2,1,.221,.346,.308,.654
Tyler Locklear,ARI,1B,25,31,103,11,18,0,0,3,6,3,1,10,43,0,0,3,.175,.267,.262,.529
Miguel Andujar,CIN,OF,31,34,103,14,37,7,0,4,17,0,0,6,19,0,0,1,.359,.400,.544,.944
Willie MacIver,ATH,C,29,33,102,7,19,5,0,3,9,3,0,7,27,0,0,2,.186,.252,.324,.576
Nick Martini,COL,OF,35,43,102,9,23,4,0,1,4,0,0,9,18,0,0,0,.225,.288,.294,.582
Nathaniel Lowe,BOS,1B,30,34,100,14,28,6,1,2,16,0,0,15,29,0,3,1,.280,.370,.420,.790
Chas McCormick,HOU,OF,30,66,100,13,21,5,0,1,5,2,3,9,31,5,1,1,.210,.279,.290,.569
Jonatan Clase,TOR,OF,23,34,100,10,21,3,0,2,9,3,1,10,28,1,0,1,.210,.288,.300,.588
Willi Castro,CHC,OF,28,34,100,10,17,2,1,1,6,1,1,8,27,0,0,2,.170,.245,.240,.485
Jon Berti,CHC,3B,36,53,100,12,21,2,0,0,2,11,3,5,22,0,0,2,.210,.262,.230,.492
Drew Gilbert,SF,OF,25,39,100,12,19,5,1,3,13,1,1,7,20,0,1,1,.190,.248,.350,.598
Carson Williams,TB,SS,22,32,99,11,17,3,0,5,12,2,1,6,44,1,0,0,.172,.219,.354,.573
Hunter Renfroe,KC,OF,34,35,99,5,18,6,0,0,4,0,0,8,21,0,1,0,.182,.241,.242,.483
Triston Casas,BOS,1B,26,29,99,5,18,3,0,3,11,0,0,11,27,0,0,2,.182,.277,.303,.580
Michael Helman,TEX,OF,29,38,99,18,23,5,1,5,20,4,0,7,21,3,0,1,.232,.290,.455,.745
Alan Roden,TOR,OF,26,43,98,12,20,5,1,1,8,0,1,8,24,0,3,4,.204,.283,.306,.589
Zach Dezenzo,HOU,OF,25,34,98,17,24,6,0,2,10,1,0,11,37,0,0,0,.245,.321,.367,.688
Randal Grichuk,KC,OF,34,43,97,10,20,3,0,2,5,0,0,7,22,0,0,1,.206,.267,.299,.566
Miguel Amaya,CHC,C,27,28,96,14,27,9,0,4,25,0,0,4,22,1,1,1,.281,.314,.500,.814
Nick Sogard,BOS,1B,28,30,96,13,25,8,0,0,9,2,1,5,24,0,0,3,.260,.317,.344,.661
Joey Loperfido,TOR,OF,26,41,96,12,32,4,0,4,14,1,2,4,27,1,0,3,.333,.379,.500,.879
James Outman,MIN,OF,28,37,95,11,14,4,1,4,7,1,0,8,45,0,0,1,.147,.221,.337,.558
Mickey Gasper,MIN,C,30,45,95,15,15,1,0,2,11,2,0,10,20,1,1,3,.158,.257,.232,.489
Ramon Urias,HOU,3B,31,35,94,6,21,5,0,3,10,1,0,6,28,0,1,0,.223,.267,.372,.639
Ty France,TOR,1B,31,37,94,9,26,6,0,1,8,0,0,3,20,0,2,4,.277,.320,.372,.692
Carlos Cortes,ATH,OF,28,42,94,11,29,8,1,4,14,0,0,3,20,0,2,0,.309,.323,.543,.866
Leody Taveras,SEA,OF,27,28,92,6,16,3,0,2,9,3,2,3,27,2,1,0,.174,.198,.272,.470
Zack Gelof,ATH,2B,26,30,92,12,16,3,0,2,7,1,2,7,46,1,1,0,.174,.230,.272,.502
Enmanuel Valdez,PIT,1B,27,31,91,7,19,4,2,2,12,0,0,11,16,0,0,0,.209,.294,.363,.657
Gary Sanchez,BAL,C,33,30,91,13,21,2,0,5,24,0,0,4,27,0,1,5,.231,.297,.418,.715
Alex Jackson,BAL,C,30,37,91,17,20,8,0,5,8,0,0,5,37,0,0,4,.220,.290,.473,.763
Leo Rivas,SEA,2B,28,48,90,19,22,2,0,2,9,6,0,20,24,0,0,1,.244,.387,.333,.720
Nick Fortes,TB,C,29,38,89,8,19,3,0,3,11,1,0,7,25,0,0,5,.213,.307,.348,.655
Matt Vierling,DET,OF,29,31,88,6,21,3,0,1,11,2,0,7,24,0,2,3,.239,.310,.307,.617
Brandon Lockridge,SD,OF,29,47,88,9,19,4,0,0,5,8,1,4,24,2,0,1,.216,.258,.261,.519
Cooper Hummel,HOU,OF,31,36,87,10,15,0,0,3,7,1,0,14,30,1,0,2,.172,.301,.276,.577
Ha-Seong Kim,ATL,SS,30,24,87,14,22,1,0,3,12,0,1,8,16,0,2,1,.253,.316,.368,.684
Oswald Peraza,LAA,3B,25,35,86,6,16,1,0,2,7,6,0,6,33,0,1,1,.186,.245,.267,.512
Hunter Feduccia,TB,C,28,36,86,5,13,5,0,0,8,1,0,14,28,0,2,0,.151,.265,.209,.474
Jason Heyward,SD,OF,36,34,85,9,15,2,0,2,12,0,1,6,20,0,3,0,.176,.223,.271,.494
Matt Thaiss,CWS,C,30,35,85,11,18,4,0,1,8,1,1,23,21,0,1,1,.212,.382,.294,.676
Jacob Stallings,COL,C,36,29,84,4,12,3,0,0,6,0,0,5,31,1,0,3,.143,.217,.179,.396
DaShawn Keirsey,MIN,OF,28,74,84,11,9,0,0,2,6,10,3,2,33,1,0,1,.107,.138,.179,.317
Ha-Seong Kim,TB,SS,30,24,84,5,18,3,0,2,5,6,1,8,23,0,0,1,.214,.290,.321,.611
J.C. Escarra,NYY,C,30,40,84,5,17,5,0,2,11,1,0,11,14,0,2,1,.202,.296,.333,.629
Alex Freeland,LAD,3B,24,29,84,10,16,2,1,2,6,1,0,11,35,1,0,1,.190,.292,.310,.602
Tim Anderson,LAA,2B,32,31,83,8,17,3,0,0,3,1,1,3,29,1,0,3,.205,.258,.241,.499
Nasim Nunez,WSH,SS,25,39,82,13,19,2,0,4,13,9,1,8,20,1,1,0,.232,.297,.402,.699
Nate Eaton,BOS,OF,29,41,81,16,24,4,0,1,4,9,2,6,19,1,1,1,.296,.348,.383,.731
Liover Peguero,PIT,SS,25,33,80,9,16,1,0,4,8,4,0,6,25,0,0,2,.200,.273,.363,.636
Jeimer Candelario,CIN,3B,32,22,80,3,9,2,0,2,10,0,1,9,29,0,2,0,.113,.198,.213,.411
Jorge Mateo,BAL,SS,30,43,79,9,14,4,0,1,3,15,2,4,30,0,0,0,.177,.217,.266,.483
Leody Taveras,TEX,OF,27,30,79,7,19,3,1,1,8,6,1,2,23,1,0,0,.241,.259,.342,.601
Griffin Conine,MIA,OF,28,24,79,13,20,7,0,2,8,0,1,7,25,0,0,0,.253,.314,.418,.732
Jose Caballero,NYY,SS,29,40,79,15,21,6,0,3,9,15,3,14,18,1,1,0,.266,.372,.456,.828
Tristan Gray,TB,2B,29,30,78,9,18,5,0,3,9,0,0,6,19,1,1,0,.231,.282,.410,.692
Will Wilson,CLE,2B,27,34,78,7,15,4,0,0,2,2,0,7,34,5,0,1,.192,.267,.244,.511
Bob Seymour,TB,1B,27,26,78,9,16,1,1,1,5,1,0,4,32,0,0,1,.205,.253,.282,.535
Chris Taylor,LAA,OF,35,30,78,11,14,5,0,2,10,2,1,5,29,0,1,6,.179,.278,.321,.599
Andrew Knizner,SF,C,31,33,77,12,17,1,1,1,5,0,0,7,10,1,1,2,.221,.299,.299,.598
Bryce Johnson,SD,OF,30,55,76,9,26,4,0,1,8,4,1,3,19,3,0,2,.342,.383,.434,.817
Alex Call,LAD,OF,31,38,73,13,18,4,0,2,5,1,0,10,19,1,1,0,.247,.333,.384,.717
Brett Harris,ATH,3B,27,32,73,11,20,5,0,0,5,1,0,7,21,1,1,2,.274,.349,.342,.691
Jonah Bride,MIN,3B,30,33,72,4,15,2,0,0,3,0,0,6,24,0,1,1,.208,.275,.236,.511
Hayden Senger,NYM,C,28,33,72,8,13,1,0,0,4,0,0,3,22,1,1,1,.181,.221,.194,.415
Matt Thaiss,TB,C,30,25,71,5,16,2,1,0,8,0,0,6,25,1,0,2,.225,.304,.282,.586
Johnathan Rodriguez,CLE,OF,26,31,71,6,14,4,1,2,10,1,0,6,22,0,0,0,.197,.260,.366,.626
Jorge Barrosa,ARI,OF,25,33,71,8,10,3,0,1,7,0,0,2,22,0,3,1,.141,.169,.225,.394
Eric Haase,MIL,C,33,30,70,11,16,3,0,2,9,0,0,4,31,1,0,2,.229,.289,.357,.646
Jesse Winker,NYM,DH,32,26,70,8,16,5,2,1,10,1,0,9,21,0,2,0,.229,.309,.400,.709
Jacob Melton,HOU,OF,25,32,70,7,11,0,1,0,7,7,2,6,29,0,0,1,.157,.234,.186,.420
Cavan Biggio,KC,OF,30,37,69,9,12,2,0,1,4,1,0,11,21,2,0,1,.174,.296,.246,.542
Nick Yorke,PIT,2B,23,22,69,7,16,3,0,1,8,1,0,3,15,0,0,0,.232,.264,.319,.583
Matthew Lugo,LAA,OF,24,31,69,9,16,2,1,4,9,0,0,0,24,0,0,1,.232,.243,.464,.707
Garrett Mitchell,MIL,OF,27,25,68,9,14,4,1,0,3,3,0,7,25,1,1,1,.206,.286,.294,.580
Danny Jansen,MIL,C,30,25,67,10,17,3,0,3,7,0,0,9,18,0,1,1,.254,.346,.433,.779
Tim Elko,CWS,1B,27,23,67,6,9,1,0,4,8,1,0,5,30,0,0,0,.134,.194,.328,.522
Andres Chaparro,WSH,1B,26,34,66,4,12,2,0,1,5,0,0,5,22,0,1,1,.182,.247,.258,.505
Jordan Lawlar,ARI,3B,23,28,66,9,12,7,0,0,5,2,0,6,26,0,1,1,.182,.257,.288,.545
Sean Bouchard,COL,OF,29,32,66,7,11,0,1,1,7,1,1,7,27,0,0,0,.167,.247,.242,.489
Jacob Amaya,CWS,SS,27,37,66,7,7,1,0,0,8,2,0,3,16,1,3,0,.106,.139,.121,.260
Seth Brown,ATH,OF,33,38,65,6,12,2,0,1,3,1,0,9,23,0,0,2,.185,.303,.262,.565
Everson Pereira,TB,OF,24,23,65,7,9,1,0,2,8,2,0,7,28,0,1,0,.138,.219,.246,.465
LaMonte Wade,LAA,1B,32,30,65,7,11,0,0,1,3,1,0,6,23,0,0,2,.169,.260,.215,.475
Ben Rortvedt,TB,C,28,26,63,2,6,1,0,0,6,0,0,7,14,0,0,0,.095,.186,.111,.297
Austin Wynns,ATH,C,35,22,63,7,14,5,0,3,10,0,0,2,20,1,1,0,.222,.242,.444,.686
Anthony Seigler,MIL,3B,26,34,62,6,12,1,0,0,5,2,0,8,16,1,1,1,.194,.292,.210,.502
Connor Joe,CIN,OF,33,35,61,2,13,4,0,0,4,2,2,6,14,0,2,1,.213,.286,.279,.565
Jose Fermin,STL,2B,26,30,60,5,17,5,0,1,9,2,2,8,10,1,0,1,.283,.377,.417,.794
MJ Melendez,KC,OF,27,23,60,5,5,2,0,1,1,0,0,3,23,0,0,2,.083,.154,.167,.321
Jarred Kelenic,ATL,OF,26,24,60,7,10,2,0,2,2,0,1,5,23,0,0,0,.167,.231,.300,.531
Will Robertson,CWS,OF,28,24,60,2,8,1,0,0,8,0,0,1,20,0,1,1,.133,.159,.150,.309
Blake Dunn,CIN,OF,27,30,60,10,9,2,0,1,7,1,1,8,25,0,0,7,.150,.320,.233,.553
Carter Jensen,KC,C,22,20,60,12,18,6,0,3,13,0,0,9,12,0,0,0,.300,.391,.550,.941
Oscar Gonzalez,SD,OF,28,21,59,2,13,1,0,0,4,0,1,2,13,0,0,0,.220,.246,.237,.483
Gustavo Campero,LAA,OF,28,28,58,9,10,1,0,3,8,4,1,5,14,0,0,3,.172,.273,.345,.618
Moises Ballesteros,CHC,DH,22,20,57,12,17,2,1,2,11,0,0,9,12,0,0,0,.298,.394,.474,.868
Jonny DeLuca,TB,OF,27,20,57,5,19,1,3,0,4,6,0,2,13,0,0,0,.333,.356,.456,.812
Nathan Church,STL,OF,25,27,56,9,10,1,0,1,8,1,0,3,18,2,1,3,.179,.254,.250,.504
Jorbit Vivas,NYY,2B,25,29,56,6,9,2,0,1,5,0,0,5,13,0,0,3,.161,.266,.250,.516
Joey Wiemer,MIA,OF,27,27,55,7,13,2,0,3,12,0,0,2,23,0,2,2,.236,.279,.436,.715
Jerar Encarnacion,SF,OF,28,19,55,5,11,3,0,2,7,1,0,1,15,0,0,0,.200,.214,.364,.578
Sal Stewart,CIN,1B,22,18,55,11,14,1,0,5,8,0,0,3,15,0,0,0,.255,.293,.545,.838
Vinny Capra,MIL,3B,29,24,54,6,4,0,0,1,4,1,0,2,15,1,1,1,.074,.121,.130,.251
Nick Maton,CWS,3B,29,25,54,5,9,2,0,2,4,0,1,9,19,0,0,0,.167,.286,.315,.601
Blaine Crim,COL,1B,28,15,54,9,13,2,0,5,12,0,0,5,22,0,2,0,.241,.295,.556,.851
Maximo Acosta,MIA,3B,23,19,54,7,11,1,0,3,5,1,2,6,17,0,0,1,.204,.295,.389,.684
Sam Huff,SF,C,28,20,53,5,11,1,0,2,4,0,0,4,25,0,1,0,.208,.259,.340,.599
Endy Rodriguez,PIT,1B,25,18,52,5,9,4,0,0,2,0,1,5,14,0,0,0,.173,.246,.250,.496
Sam Hilliard,COL,OF,32,20,51,8,10,3,1,2,3,2,1,10,23,0,0,0,.196,.328,.412,.740
Stuart Fairchild,ATL,OF,30,28,51,7,11,4,1,0,2,2,1,4,15,0,0,0,.216,.273,.333,.606
Zack Short,HOU,SS,30,22,50,9,11,2,0,2,7,0,1,4,18,1,0,1,.220,.291,.380,.671
Luis Vazquez,BAL,3B,26,36,50,6,8,1,0,1,3,2,0,3,14,0,0,0,.160,.208,.240,.448
Tyler Tolbert,KC,OF,28,64,50,19,14,2,0,1,6,21,2,1,11,1,2,3,.280,.321,.380,.701
Drew Millas,WSH,C,28,18,49,6,15,5,1,0,7,2,0,4,7,1,0,0,.306,.358,.449,.807
Ben Rortvedt,LAD,C,28,18,49,7,11,2,0,1,4,0,0,4,9,3,0,2,.224,.309,.327,.636
Brett Wisely,SF,2B,26,22,48,5,10,4,0,1,10,1,1,4,10,2,0,0,.208,.269,.354,.623
Jace Jung,DET,3B,25,21,47,8,5,0,0,0,3,0,0,7,16,0,0,1,.106,.236,.106,.342
Zach Cole,HOU,OF,25,15,47,9,12,2,0,4,11,3,0,5,20,0,0,0,.255,.327,.553,.880
Bryan De La Cruz,ATL,OF,29,16,47,1,9,1,0,0,0,1,0,3,18,0,0,0,.191,.240,.213,.453
Ronny Simon,MIA,OF,25,19,47,6,11,2,0,0,5,0,0,7,7,1,1,0,.234,.327,.277,.604
Brandon Lockridge,MIL,OF,29,20,46,8,12,3,1,0,6,2,0,4,12,1,2,0,.261,.308,.370,.678
Ryan Fitzgerald,MIN,SS,31,24,46,10,9,0,0,4,9,1,0,7,8,0,0,0,.196,.302,.457,.759
Jimmy Crooks,STL,C,24,15,45,3,6,0,1,1,1,0,0,0,17,0,0,1,.133,.152,.244,.396
Vidal Brujan,CHC,3B,28,36,45,6,10,3,0,0,3,2,1,1,12,0,1,0,.222,.234,.289,.523
Luke Maile,KC,C,35,25,45,6,11,2,0,1,6,1,0,7,16,2,0,0,.244,.346,.356,.702
Kevin Pillar,TEX,OF,37,20,43,6,9,2,0,0,1,3,0,0,8,0,0,0,.209,.209,.256,.465
Jared Young,NYM,DH,30,23,43,5,8,1,0,4,6,0,0,2,16,0,1,1,.186,.234,.488,.722
Rece Hinds,CIN,OF,25,15,43,6,5,1,0,2,3,0,0,1,21,0,0,0,.116,.136,.279,.415
Denzer Guzman,LAA,SS,22,13,42,4,8,1,0,2,3,0,0,1,22,0,0,0,.190,.209,.357,.566
Richie Palacios,TB,OF,28,17,42,10,14,2,0,1,3,4,0,5,9,0,1,0,.333,.396,.452,.848
Austin Barnes,LAD,C,36,13,42,4,9,3,0,0,2,0,0,1,14,1,0,0,.214,.233,.286,.519
Brice Matthews,HOU,2B,24,13,42,6,7,0,0,4,9,1,0,2,20,2,0,1,.167,.222,.452,.674
Vinny Capra,CWS,3B,29,23,42,4,8,2,0,0,2,1,0,1,10,2,1,0,.190,.205,.238,.443
Maverick Handley,BAL,C,28,16,41,2,3,0,0,0,3,0,0,2,18,2,1,1,.073,.133,.073,.206
Trenton Brooks,SD,DH,30,25,41,5,6,2,0,1,2,0,0,2,13,0,0,0,.146,.186,.268,.454
Daz Cameron,MIL,OF,29,21,41,7,8,1,0,1,3,1,0,1,13,0,0,0,.195,.214,.293,.507
Vidal Brujan,ATL,3B,28,24,41,8,11,2,0,0,5,0,0,5,9,0,0,1,.268,.362,.317,.679
George Valera,CLE,DH,25,16,41,7,9,2,0,2,5,0,0,7,13,0,0,0,.220,.333,.415,.748
Matt Gorski,PIT,1B,28,15,41,2,8,0,1,2,4,0,1,1,16,0,0,0,.195,.214,.390,.604
Jhonny Pereda,ATH,C,29,19,40,3,7,2,0,0,3,0,0,6,13,0,0,0,.175,.283,.225,.508
Dustin Harris,TEX,OF,26,19,40,5,8,3,0,1,2,1,1,3,13,0,0,0,.200,.256,.350,.606
Austin Wynns,CIN,C,35,18,40,6,16,3,0,3,11,0,0,3,12,0,0,0,.400,.442,.700,1.142
Alan Trejo,COL,SS,29,14,40,3,7,2,0,0,1,0,0,1,7,1,1,0,.175,.190,.225,.415
Jonah Bride,MIA,3B,30,12,40,3,4,0,0,0,2,0,0,5,15,0,0,0,.100,.200,.100,.300
James Outman,LAD,OF,28,22,39,8,4,1,0,2,4,0,0,4,18,0,0,1,.103,.205,.282,.487
Kris Bryant,COL,DH,34,11,39,2,6,2,0,0,1,0,0,2,13,0,0,0,.154,.195,.205,.400
Jorge Alfaro,WSH,C,32,14,39,3,10,2,0,0,3,1,0,0,14,0,0,0,.256,.256,.308,.564
Austin Nola,COL,C,36,15,38,2,7,1,0,0,1,0,0,2,5,1,0,0,.184,.225,.211,.436
Ryan Kreidler,DET,OF,28,17,38,5,4,0,0,0,0,2,0,4,19,2,0,0,.105,.190,.105,.295
Alan Roden,MIN,OF,26,12,38,5,6,1,0,1,1,1,0,0,13,0,0,2,.158,.200,.263,.463
Oliver Dunn,MIL,3B,28,14,36,4,6,2,0,0,6,1,0,2,11,2,1,0,.167,.205,.222,.427
Cam Devanney,PIT,3B,28,14,36,1,5,1,0,0,1,0,1,2,21,0,0,0,.139,.184,.167,.351
Jose Miranda,MIN,3B,27,12,36,2,6,0,0,1,5,0,0,0,13,0,0,0,.167,.167,.250,.417
Yuli Gurriel,SD,1B,41,16,36,2,4,1,0,0,3,0,0,4,8,0,0,0,.111,.200,.139,.339
Chris Taylor,LAD,OF,35,28,35,4,7,2,0,0,2,0,1,0,13,0,0,0,.200,.200,.257,.457
Jacob Stallings,BAL,C,36,14,35,1,4,1,0,0,3,0,0,1,9,0,0,0,.114,.139,.143,.282
Tomas Nido,DET,C,31,11,35,4,12,0,0,0,2,0,0,0,10,1,0,1,.343,.361,.343,.704
Korey Lee,CWS,C,27,26,35,10,9,3,0,1,3,0,0,4,7,1,0,0,.257,.333,.429,.762
Ryan Bliss,SEA,2B,26,11,35,1,7,1,0,1,3,2,2,4,11,0,0,0,.200,.282,.314,.596
Zac Veen,COL,OF,24,12,34,1,4,1,0,1,2,1,1,2,14,0,0,1,.118,.189,.235,.424
Ryan Noda,CWS,1B,29,16,34,3,3,0,0,1,1,0,0,10,19,1,0,0,.088,.295,.176,.471
Luken Baker,STL,DH,29,19,34,3,8,3,0,0,2,0,0,7,10,0,0,0,.235,.366,.324,.690
Amed Rosario,NYY,3B,30,16,33,1,10,3,0,1,5,0,0,0,9,0,0,0,.303,.303,.485,.788
Sebastian Rivero,LAA,C,27,11,33,4,6,2,0,0,2,1,0,1,9,0,0,0,.182,.206,.242,.448
Victor Mesa,MIA,OF,24,16,32,7,6,2,0,1,6,0,0,5,5,1,0,0,.188,.297,.344,.641
Jose Siri,NYM,OF,30,16,32,7,2,2,0,0,1,2,0,4,17,0,0,0,.063,.167,.125,.292
Shay Whitcomb,HOU,2B,27,20,32,4,4,0,0,1,1,0,0,0,10,0,0,0,.125,.125,.219,.344
Dominic Fletcher,CWS,OF,28,12,32,5,7,5,0,1,2,1,0,2,2,0,0,0,.219,.265,.469,.734
Aaron Schunk,COL,SS,28,16,32,1,6,1,0,0,0,0,0,0,10,1,0,0,.188,.188,.219,.407
Pablo Reyes,NYY,OF,32,25,31,4,6,1,0,0,2,1,0,2,10,1,0,0,.194,.242,.226,.468
Travis Jankowski,TB,OF,34,14,31,6,8,2,0,0,2,2,0,2,9,0,1,0,.258,.294,.323,.617
Orlando Arcia,ATL,SS,31,14,31,1,6,1,0,0,1,0,0,1,8,0,0,0,.194,.219,.226,.445
Luke Williams,ATL,SS,29,45,31,5,4,2,0,0,5,5,0,1,9,0,1,1,.129,.176,.194,.370
Garrett Hampson,ARI,OF,31,18,30,10,5,0,0,0,0,2,1,9,10,2,0,0,.167,.359,.167,.526
Isiah Kiner-Falefa,TOR,SS,30,19,30,5,7,1,0,1,5,0,0,0,8,0,0,1,.233,.258,.367,.625
Ronny Simon,PIT,OF,25,8,30,4,7,1,0,0,2,1,0,1,8,0,1,0,.233,.250,.267,.517
Jhonny Pereda,MIN,C,29,11,29,1,10,4,0,0,1,0,0,2,8,1,0,0,.345,.387,.483,.870
Leo Jimenez,TOR,2B,24,18,29,2,2,0,0,1,1,0,0,2,8,1,0,0,.069,.129,.172,.301
Jose Barrero,STL,OF,27,22,29,4,4,1,0,1,3,0,0,1,9,0,0,1,.138,.194,.276,.470
Garrett Hampson,STL,OF,31,35,29,9,3,1,0,0,1,1,0,1,13,1,0,0,.103,.133,.138,.271
Daniel Johnson,SF,OF,30,14,29,5,5,2,0,1,1,1,0,2,8,0,0,0,.172,.226,.345,.571
Carson McCusker,MIN,OF,27,16,29,0,5,0,0,0,1,0,1,1,16,0,0,0,.172,.200,.172,.372
Bryce Eldridge,SF,DH,21,10,28,1,3,2,0,0,4,0,0,7,13,0,1,1,.107,.297,.179,.476
Dylan Moore,TEX,2B,33,18,27,6,7,0,0,2,6,2,1,1,6,0,1,1,.259,.300,.481,.781
Scott Kingery,LAA,2B,31,19,27,3,4,1,0,0,0,1,1,2,11,0,0,0,.148,.207,.185,.392
Owen Caissie,CHC,OF,23,12,26,4,5,1,0,1,4,0,0,1,11,0,0,0,.192,.222,.346,.568
Austin Slater,NYY,OF,33,14,25,2,3,0,0,0,2,0,0,0,16,0,0,0,.120,.120,.120,.240
Daniel Johnson,BAL,OF,30,17,24,8,5,1,0,0,0,1,1,2,5,0,0,0,.208,.269,.250,.519
Jake Fraley,ATL,OF,30,9,23,2,7,1,0,0,0,0,1,1,8,0,0,0,.304,.333,.348,.681
Logan Davidson,LAA,1B,28,10,22,2,4,1,0,1,2,0,0,0,10,1,0,0,.182,.182,.364,.546
Tristin English,ARI,1B,28,7,22,0,2,1,0,0,1,0,0,1,8,0,0,0,.091,.130,.136,.266
Grant McCray,SF,OF,25,22,22,3,2,0,1,0,2,0,0,2,11,1,1,0,.091,.160,.182,.342
Mason McCoy,SD,SS,30,18,22,5,3,1,0,0,1,2,0,3,7,0,0,1,.136,.269,.182,.451
Michael Stefanic,TOR,2B,30,9,22,1,4,0,0,0,0,0,0,3,3,0,0,0,.182,.280,.182,.462
Esteury Ruiz,LAD,OF,27,19,21,2,4,0,0,1,2,4,0,2,8,0,0,0,.190,.261,.333,.594
Ali Sanchez,TOR,C,29,8,21,2,5,2,0,0,0,0,0,0,5,0,0,0,.238,.238,.333,.571
Luis Campusano,SD,DH,27,10,21,0,0,0,0,0,0,0,0,6,11,0,0,0,.000,.222,.000,.222
Luis Guillorme,HOU,2B,31,12,20,2,3,0,0,0,0,0,0,1,8,0,0,0,.150,.190,.150,.340
Billy McKinney,TEX,OF,31,6,20,4,4,1,0,0,1,0,0,1,1,0,0,0,.200,.238,.250,.488
Ji Hwan Bae,PIT,OF,26,13,20,4,1,0,0,0,0,4,1,5,9,0,0,0,.050,.240,.050,.290
Logan Davidson,ATH,1B,28,9,20,1,3,1,0,0,2,0,0,3,12,1,0,0,.150,.261,.200,.461
David Villar,SF,1B,29,9,20,4,4,1,0,0,1,0,0,4,5,0,0,1,.200,.360,.250,.610
Niko Kavadas,LAA,1B,27,10,20,0,2,0,0,0,0,0,0,3,10,0,0,0,.100,.217,.100,.317
Carlos Santana,CHC,1B,39,8,19,0,2,1,0,0,2,0,0,0,5,0,0,0,.105,.105,.158,.263
Manuel Margot,DET,OF,31,6,19,1,6,0,0,0,3,0,0,0,6,0,1,0,.316,.300,.316,.616
Bobby Dalbec,CWS,1B,30,7,18,2,4,1,0,0,1,0,0,3,6,0,0,0,.222,.333,.278,.611
Jose Azocar,NYM,OF,29,12,18,5,5,0,0,0,1,1,0,2,1,0,0,0,.278,.350,.278,.628
Keston Hiura,COL,1B,29,8,18,3,4,1,0,0,1,0,0,0,7,0,0,3,.222,.333,.278,.611
Nicky Lopez,CHC,3B,31,14,18,2,1,0,0,0,1,0,0,4,3,0,0,0,.056,.227,.056,.283
Garrett Hampson,CIN,OF,31,9,18,0,3,1,0,0,0,0,0,1,6,0,0,0,.167,.211,.222,.433
Connor Kaiser,ARI,2B,29,11,18,1,2,1,0,0,2,0,0,1,5,0,0,0,.111,.158,.167,.325
CJ Alexander,ATH,3B,29,6,17,0,3,0,0,0,0,0,0,0,8,0,0,0,.176,.176,.176,.352
Michael Siani,STL,OF,26,19,17,4,4,0,0,0,0,0,0,2,7,0,0,0,.235,.316,.235,.551
Buddy Kennedy,LAD,3B,27,7,17,1,1,0,0,0,1,0,0,0,5,0,0,1,.059,.111,.059,.170
Akil Baddoo,DET,OF,27,7,17,0,2,1,0,0,1,1,0,1,5,0,0,0,.118,.167,.176,.343
Chadwick Tromp,BAL,C,30,6,16,2,3,1,0,1,1,0,0,0,4,0,0,0,.188,.188,.438,.626
Jack Winkler,MIA,2B,27,14,16,2,4,2,0,0,0,1,0,0,4,0,0,0,.250,.250,.375,.625
Blake Sabol,BOS,C,28,8,16,2,2,1,0,0,1,0,0,1,7,0,1,0,.125,.167,.188,.355
Will Wagner,SD,3B,27,15,15,2,2,0,0,0,0,0,0,2,2,0,0,0,.133,.235,.133,.368
Drew Avans,ATH,OF,29,7,15,1,2,0,0,0,0,1,0,0,5,0,0,0,.133,.133,.133,.266
Rafael Flores,PIT,1B,25,7,15,0,3,2,0,0,0,0,0,2,7,0,0,0,.200,.294,.333,.627
Gage Workman,CHC,3B,26,9,14,0,3,1,0,0,2,1,0,1,6,0,0,0,.214,.267,.286,.553
Brian Navarreto,MIA,C,31,8,14,3,4,2,0,1,5,0,0,0,3,0,1,0,.286,.267,.643,.910
Owen Miller,COL,2B,29,9,14,0,2,0,0,0,1,1,0,2,4,0,0,1,.143,.294,.143,.437
Greg Allen,BAL,OF,33,7,14,1,0,0,0,0,0,0,1,0,5,0,0,0,.000,.000,.000,.000
Tirso Ornelas,SD,OF,26,7,14,0,1,0,0,0,1,0,0,2,2,0,0,0,.071,.188,.071,.259
Travis Jankowski,CWS,OF,34,7,14,1,3,0,0,0,0,0,0,1,3,0,0,0,.214,.267,.214,.481
Tucker Barnhart,TEX,C,35,8,13,0,3,0,0,0,0,0,0,1,4,0,0,1,.231,.333,.231,.564
Ryan Vilade,STL,OF,27,7,13,1,1,0,0,0,0,0,0,2,5,0,0,0,.077,.200,.077,.277
Ryan Noda,BAL,1B,29,7,13,0,2,0,0,0,1,1,0,1,6,0,0,0,.154,.214,.154,.368
Chad Stevens,LAA,2B,27,5,13,1,2,0,0,0,0,0,1,0,7,1,0,0,.154,.154,.154,.308
Cesar Salazar,HOU,C,30,11,13,0,3,0,0,0,1,0,0,2,2,0,0,1,.231,.375,.231,.606
Corey Julks,CWS,OF,30,6,12,2,3,2,0,0,1,0,0,0,3,0,1,0,.250,.231,.417,.648
Jacob Hurtubise,CIN,OF,28,12,12,3,1,0,0,0,0,0,0,1,6,0,0,2,.083,.267,.083,.350
Tristan Peters,TB,OF,26,4,12,0,0,0,0,0,0,0,0,0,7,0,0,0,.000,.000,.000,.000
Bryan Ramos,CWS,3B,24,4,12,1,2,2,0,0,2,0,0,0,4,0,0,0,.167,.167,.333,.500
Sandy Leon,ATL,C,37,5,12,1,1,0,0,1,3,0,0,0,4,0,0,0,.083,.083,.333,.416
Nick Solak,PIT,1B,31,4,11,0,1,0,0,0,0,0,0,0,2,0,0,0,.091,.091,.091,.182
Blaine Crim,TEX,1B,28,5,11,1,0,0,0,0,0,0,0,1,6,0,0,1,.000,.154,.000,.154
Vimael Machin,BAL,3B,32,4,11,1,1,0,0,1,1,0,0,1,2,0,0,0,.091,.167,.364,.531
Kevin Alcantara,CHC,OF,23,10,11,2,4,0,0,0,1,1,0,1,4,0,0,0,.364,.417,.364,.781
Will Brennan,CLE,OF,28,6,11,0,1,0,0,0,0,0,1,1,1,0,0,1,.091,.231,.091,.322
Coco Montes,TB,2B,29,5,10,0,2,0,0,0,1,0,0,0,3,0,0,0,.200,.200,.200,.400
Will Banfield,CIN,C,26,7,10,0,1,0,0,0,0,0,0,0,6,0,0,0,.100,.100,.100,.200
Will Robertson,TOR,OF,28,3,10,0,1,0,0,0,1,0,0,1,7,0,0,1,.100,.250,.100,.350
Justin Foscue,TEX,1B,27,4,9,0,1,1,0,0,2,0,0,0,3,0,0,0,.111,.111,.222,.333
Nick Ahmed,TEX,SS,36,5,9,1,0,0,0,0,0,1,0,1,3,0,0,0,.000,.100,.000,.100
Jon Singleton,HOU,DH,34,3,9,0,1,0,0,0,0,0,0,0,1,0,0,0,.111,.111,.111,.222
J.D. Davis,LAA,1B,32,5,9,0,1,0,0,0,0,0,0,0,3,0,0,0,.111,.111,.111,.222
Connor Joe,SD,OF,33,7,9,0,0,0,0,0,0,0,0,1,6,0,0,0,.000,.100,.000,.100
Carter Kieboom,LAA,1B,28,3,8,0,2,0,0,0,1,0,0,0,1,0,0,0,.250,.250,.250,.500
Samad Taylor,SEA,OF,27,4,8,1,1,0,0,0,0,0,0,0,1,1,0,0,.125,.125,.125,.250
Donovan Walton,PHI,SS,31,2,8,1,1,0,0,0,1,0,0,0,1,1,0,0,.125,.125,.125,.250
Cal Stevenson,PHI,OF,29,5,8,0,2,0,0,0,1,0,0,0,2,0,0,0,.250,.250,.250,.500
Tyler Black,MIL,1B,25,5,8,1,2,1,0,0,1,0,1,5,1,0,0,0,.250,.538,.375,.913
Rhylan Thomas,SEA,OF,25,3,8,2,1,1,0,0,2,0,0,1,0,0,1,0,.125,.200,.250,.450
Jhostynxon Garcia,BOS,OF,23,5,7,0,1,1,0,0,0,0,0,2,5,0,0,0,.143,.333,.286,.619
Tsung-Che Cheng,PIT,SS,24,3,7,0,0,0,0,0,0,0,1,0,3,0,0,0,.000,.000,.000,.000
Logan Porter,SF,C,30,5,7,2,1,0,0,0,1,0,0,1,2,0,0,1,.143,.333,.143,.476
Buddy Kennedy,PHI,3B,27,4,7,0,0,0,0,0,0,0,0,1,2,0,0,0,.000,.125,.000,.125
Omar Narvaez,CWS,C,34,4,7,1,2,0,0,0,3,0,0,2,1,0,1,0,.286,.400,.286,.686
Derek Hill,CWS,OF,30,4,7,0,2,0,0,0,1,0,0,0,2,0,0,1,.286,.375,.286,.661
Dom Nunez,CLE,C,31,2,7,2,2,0,0,0,0,0,0,0,4,0,0,0,.286,.286,.286,.572
Rob Brantly,MIA,C,36,3,7,0,3,0,0,0,1,0,0,0,1,0,0,0,.429,.429,.429,.858
Brett Sullivan,PIT,C,32,3,6,1,1,0,0,0,2,0,0,1,3,0,1,1,.167,.333,.167,.500
Nicky Lopez,LAA,3B,31,5,6,0,0,0,0,0,0,0,0,0,1,0,0,0,.000,.000,.000,.000
Dairon Blanco,KC,OF,32,9,6,2,1,1,0,0,1,3,2,0,2,2,0,0,.167,.167,.333,.500
Kody Clemens,PHI,1B,29,7,6,0,0,0,0,0,0,0,0,1,0,0,0,0,.000,.143,.000,.143
Petey Halpin,CLE,OF,23,6,6,5,2,0,0,0,0,0,0,2,2,0,0,0,.333,.500,.333,.833
Tyler Callihan,CIN,OF,25,4,6,0,1,0,0,0,1,0,0,0,1,0,0,0,.167,.167,.167,.334
Cesar Prieto,STL,2B,26,3,6,0,1,0,0,0,0,0,0,0,5,0,0,0,.167,.167,.167,.334
Brett Wisely,ATL,2B,26,4,6,0,0,0,0,0,0,0,0,3,4,0,0,0,.000,.333,.000,.333
Harry Ford,SEA,C,23,8,6,1,1,0,0,0,1,0,0,0,3,0,1,1,.167,.250,.167,.417
Billy Cook,PIT,OF,27,3,6,1,2,0,0,0,0,0,0,0,1,0,0,0,.333,.333,.333,.666
Steward Berroa,MIL,OF,26,2,5,0,0,0,0,0,0,1,0,1,2,0,0,0,.000,.167,.000,.167
Chadwick Tromp,ATL,C,30,2,5,0,0,0,0,0,0,0,0,1,2,0,0,0,.000,.167,.000,.167
Jonathan Ornelas,TEX,SS,25,4,5,0,0,0,0,0,0,0,0,1,3,0,0,0,.000,.167,.000,.167
Jordyn Adams,BAL,OF,26,10,5,1,0,0,0,0,0,0,0,0,2,0,0,0,.000,.000,.000,.000
Buddy Kennedy,TOR,3B,27,2,5,1,1,1,0,0,0,0,0,1,1,0,0,0,.200,.333,.400,.733
Jonathan Ornelas,ATL,SS,25,2,4,1,2,0,0,0,0,0,0,0,0,0,0,0,.500,.500,.500,1.000
Sergio Alcantara,SF,SS,29,1,4,0,0,0,0,0,0,0,0,0,2,0,0,0,.000,.000,.000,.000
Eddie Rosario,ATL,OF,34,3,4,1,0,0,0,0,0,0,0,0,2,0,0,0,.000,.000,.000,.000
Eddie Rosario,LAD,OF,34,2,4,0,1,0,0,0,0,0,0,0,0,0,0,0,.250,.250,.250,.500
Aramis Garcia,ARI,C,33,2,4,0,0,0,0,0,0,0,0,0,3,0,0,0,.000,.000,.000,.000
Trey Lipscomb,WSH,3B,25,3,4,1,2,0,0,0,0,0,0,0,1,0,0,0,.500,.500,.500,1.000
C.J. Stubbs,WSH,C,29,1,3,0,0,0,0,0,0,0,0,0,0,0,0,0,.000,.000,.000,.000
Donovan Solano,TEX,1B,38,2,3,0,0,0,0,0,0,0,0,0,2,0,0,0,.000,.000,.000,.000
Brewer Hicklen,DET,OF,30,1,3,2,2,0,0,0,0,1,0,1,1,0,0,0,.667,.750,.667,1.417
Drew Romo,COL,C,24,3,3,0,0,0,0,0,0,0,0,0,3,0,0,0,.000,.000,.000,.000
Kenedy Corona,HOU,OF,25,3,2,0,0,0,0,0,0,0,0,2,1,0,0,0,.000,.500,.000,.500
Gage Workman,CWS,3B,26,3,2,0,0,0,0,0,0,0,0,0,1,0,0,0,.000,.000,.000,.000
Greg Jones,CWS,OF,28,3,2,0,0,0,0,0,0,1,0,0,2,0,0,0,.000,.000,.000,.000
Justin Dean,LAD,OF,29,18,2,0,0,0,0,0,0,1,0,0,1,0,0,0,.000,.000,.000,.000
Ali Sanchez,BOS,C,29,4,2,0,0,0,0,0,0,0,0,0,1,0,0,0,.000,.000,.000,.000
Hunter Feduccia,LAD,C,28,2,2,0,0,0,0,0,0,0,0,1,1,0,0,0,.000,.333,.000,.333
Drew Avans,MIL,OF,29,1,2,0,0,0,0,0,1,0,0,0,1,0,1,0,.000,.000,.000,.000
Cooper Hummel,BAL,OF,31,1,1,0,0,0,0,0,0,0,0,0,1,0,0,0,.000,.000,.000,.000
Jose Azocar,ATL,OF,29,2,1,0,0,0,0,0,0,0,0,0,0,0,0,0,.000,.000,.000,.000
Garrett Stubbs,PHI,DH,32,5,1,2,0,0,0,0,0,0,0,0,0,0,0,0,.000,.000,.000,.000
David Banuelos,BAL,C,29,1,1,0,0,0,0,0,0,0,0,0,1,0,0,1,.000,.500,.000,.500
Vidal Brujan,BAL,3B,28,1,1,0,1,0,0,0,0,0,0,0,0,0,0,0,1.000,1.000,1.000,2.000
Terrin Vavra,BAL,2B,28,1,1,0,0,0,0,0,0,0,0,0,0,0,0,0,.000,.000,.000,.000
Chuckie Robinson,LAD,C,31,1,1,1,0,0,0,0,0,0,0,0,0,1,0,0,.000,.000,.000,.000
Travis Jankowski,NYM,OF,34,5,0,1,0,0,0,0,0,0,0,0,0,1,0,0,.000,.000,.000,.000