Player,Team,Age,G,GS,CG,SHO,IP,H,ER,K,BB,HR,W,L,SV,BS,HLD,ERA,WHIP
Logan Webb,SF,29,34,34,0,0,207.0,210,74,224,46,14,15,11,0,0,0,3.22,1.24
Garrett Crochet,BOS,26,32,32,1,1,205.1,165,59,255,46,24,18,5,0,0,0,2.59,1.03
Cristopher Sanchez,PHI,29,32,32,1,0,202.0,171,56,212,44,12,13,5,0,0,0,2.50,1.06
Tarik Skubal,DET,29,31,31,1,1,195.1,141,48,241,33,18,13,6,0,0,0,2.21,0.89
Max Fried,NYY,32,32,32,0,0,195.1,164,62,189,51,14,19,5,0,0,0,2.86,1.10
Carlos Rodon,NYY,33,33,33,0,0,195.1,132,67,203,73,22,18,9,0,0,0,3.09,1.05
Kevin Gausman,TOR,35,32,32,1,1,193.0,155,77,189,50,21,10,11,0,0,0,3.59,1.06
Zac Gallen,ARI,30,33,33,0,0,192.0,176,103,175,66,31,13,15,0,0,0,4.83,1.26
Framber Valdez,HOU,32,31,31,2,0,192.0,171,78,187,68,15,13,11,0,0,0,3.66,1.24
Paul Skenes,PIT,23,32,32,1,0,187.2,136,41,216,42,11,10,10,0,0,0,1.97,0.95
Bryan Woo,SEA,26,30,30,0,0,186.2,137,61,198,36,26,15,7,0,0,0,2.94,0.93
Hunter Brown,HOU,27,31,31,1,0,185.1,133,50,206,57,17,12,9,0,0,0,2.43,1.03
Jesus Luzardo,PHI,28,32,32,0,0,183.2,167,80,216,57,16,15,7,0,0,0,3.92,1.22
Robbie Ray,SF,34,32,32,1,0,182.1,148,74,186,73,22,11,8,0,0,0,3.65,1.21
Tanner Bibee,CLE,27,31,31,2,1,182.1,170,86,162,54,27,12,11,0,0,0,4.24,1.23
Nick Pivetta,SD,33,31,31,0,0,181.2,129,58,190,50,22,13,5,0,0,0,2.87,0.99
Luis Castillo,SEA,33,32,32,0,0,180.2,168,71,162,46,23,11,8,0,0,0,3.54,1.18
Sonny Gray,STL,36,32,32,1,1,180.2,185,86,201,38,25,14,8,0,0,0,4.28,1.23
Jake Irvin,WSH,29,33,33,0,0,180.0,195,114,124,62,38,9,13,0,0,0,5.70,1.43
Matthew Boyd,CHC,35,31,31,0,0,179.2,154,64,154,42,19,14,8,0,0,0,3.21,1.09
Yusei Kikuchi,LAA,34,33,33,0,0,178.1,180,79,174,74,24,7,11,0,0,0,3.99,1.42
Freddy Peralta,MIL,29,33,33,0,0,176.2,124,53,204,66,21,17,6,0,0,0,2.70,1.08
Brandon Pfaadt,ARI,27,33,33,0,0,176.2,198,103,147,37,26,13,9,0,0,0,5.25,1.33
Mitch Keller,PIT,29,32,32,0,0,176.1,171,82,150,51,21,6,15,0,0,0,4.19,1.26
Sandy Alcantara,MIA,30,31,31,0,0,174.2,165,104,142,57,22,11,12,0,0,0,5.36,1.27
Yoshinobu Yamamoto,LAD,27,30,30,0,0,173.2,113,48,201,59,14,12,8,0,0,0,2.49,0.99
Jacob deGrom,TEX,37,30,30,0,0,172.2,122,57,185,37,26,12,8,0,0,0,2.97,0.92
Michael Wacha,KC,34,31,31,0,0,172.2,166,74,126,45,15,10,13,0,0,0,3.86,1.22
Dean Kremer,BAL,30,31,29,0,0,171.2,163,80,142,45,22,11,10,0,0,0,4.19,1.21
Jeffrey Springs,ATH,33,32,30,0,0,171.0,153,78,138,54,28,11,11,0,0,0,4.11,1.21
Joe Ryan,MIN,29,31,30,0,0,171.0,138,65,194,39,26,13,10,0,0,0,3.42,1.04
Chris Bassitt,TOR,37,32,31,1,0,170.1,174,75,166,52,22,11,9,0,0,0,3.96,1.33
Brady Singer,CIN,29,32,32,0,0,169.2,150,76,163,60,19,14,12,0,0,0,4.03,1.24
Jose Soriano,LAA,27,31,31,0,0,169.0,158,80,152,78,12,10,11,0,0,0,4.26,1.40
David Peterson,NYM,30,30,30,1,1,168.2,166,79,150,65,11,9,6,0,0,0,4.22,1.37
Dylan Cease,SD,30,32,32,0,0,168.0,152,85,215,71,21,8,12,0,0,0,4.55,1.33
Gavin Williams,CLE,26,31,31,0,0,167.2,130,57,173,83,23,12,5,0,0,0,3.06,1.27
Ryan Pepiot,TB,28,31,31,0,0,167.2,134,72,167,61,26,11,12,0,0,0,3.86,1.16
Brayan Bello,BOS,26,29,28,1,0,166.2,147,62,124,59,16,11,9,0,0,0,3.35,1.24
Shane Baz,TB,26,31,31,0,0,166.1,158,90,176,64,26,10,12,0,0,0,4.87,1.33
Andrew Abbott,CIN,26,29,29,1,1,166.1,148,53,149,43,19,10,7,0,0,0,2.87,1.15
Jose Berrios,TOR,31,31,30,0,0,166.0,160,77,138,56,26,9,5,0,0,0,4.17,1.30
Nick Martinez,CIN,35,40,26,0,0,165.2,158,82,116,42,22,11,14,0,0,5,4.45,1.21
Clay Holmes,NYM,32,33,31,0,0,165.2,150,65,129,66,14,12,8,0,0,0,3.53,1.30
Kyle Hendricks,LAA,36,31,31,0,0,164.2,167,87,114,43,25,8,10,0,0,0,4.76,1.28
Mitchell Parker,WSH,26,33,30,0,0,164.2,178,104,103,58,25,9,16,1,0,0,5.68,1.43
Kyle Freeland,COL,32,31,31,0,0,162.2,193,90,124,38,22,5,17,0,0,0,4.98,1.42
Luis Severino,ATH,32,29,29,0,0,162.2,162,82,124,50,16,8,11,0,0,0,4.54,1.30
Andre Pallante,STL,27,31,31,0,0,162.2,173,96,111,62,21,6,15,0,0,0,5.31,1.44
Will Warren,NYY,26,33,33,0,0,162.1,158,80,171,65,22,9,8,0,0,0,4.44,1.37
Jack Flaherty,DET,30,31,31,0,0,161.0,147,83,188,59,23,8,15,0,0,0,4.64,1.28
MacKenzie Gore,WSH,27,30,30,0,0,159.2,152,74,185,64,20,5,15,0,0,0,4.17,1.35
Colin Rea,CHC,35,32,27,0,0,159.1,155,70,127,44,20,11,7,1,0,0,3.95,1.25
Ranger Suarez,PHI,30,26,26,0,0,157.1,154,56,151,38,14,12,8,0,0,0,3.20,1.22
Quinn Priester,MIL,25,29,24,0,0,157.1,145,58,132,50,18,13,3,0,0,0,3.32,1.24
Tomoyuki Sugano,BAL,36,30,30,0,0,157.0,173,81,106,36,33,10,10,0,0,0,4.64,1.33
Nick Lodolo,CIN,28,29,28,2,1,156.2,138,58,156,31,22,9,8,0,0,0,3.33,1.08
Logan Allen,CLE,27,30,29,0,0,156.2,157,74,122,62,18,8,11,0,0,0,4.25,1.40
Bryce Elder,ATL,26,28,28,0,0,156.1,167,92,131,51,24,8,11,0,0,0,5.30,1.39
Miles Mikolas,STL,37,31,31,0,0,156.1,169,84,100,37,29,8,11,0,0,0,4.84,1.32
Patrick Corbin,TEX,36,31,30,1,0,155.1,161,76,131,51,21,7,11,0,0,0,4.40,1.36
Eduardo Rodriguez,ARI,32,29,29,0,0,154.1,178,86,143,60,25,9,9,0,0,0,5.02,1.54
Ryne Nelson,ARI,28,33,23,0,0,154.0,124,58,132,41,17,7,3,1,1,0,3.39,1.07
Justin Verlander,SF,43,29,29,0,0,152.0,155,65,137,52,16,4,11,0,0,0,3.85,1.36
Jack Leiter,TEX,25,29,29,0,0,151.2,127,65,148,67,18,10,10,0,0,0,3.86,1.28
Matthew Liberatore,STL,26,29,29,0,0,151.2,158,71,122,40,19,8,12,0,0,0,4.21,1.31
Drew Rasmussen,TB,30,31,31,0,0,150.0,116,46,127,37,18,10,5,0,0,0,2.76,1.02
Zack Wheeler,PHI,35,24,24,1,0,149.2,107,45,195,33,19,10,5,0,0,0,2.71,0.94
Casey Mize,DET,28,28,28,0,0,149.0,153,64,139,36,21,14,6,0,0,0,3.87,1.27
Bailey Ober,MIN,30,27,27,1,0,146.1,159,83,120,31,30,6,9,0,0,0,5.10,1.30
Shane Smith,CWS,25,29,29,0,0,146.1,117,62,145,58,17,7,8,0,0,0,3.81,1.20
Seth Lugo,KC,36,26,26,0,0,145.1,133,67,125,55,27,8,7,0,0,0,4.15,1.29
Lucas Giolito,BOS,31,26,26,0,0,145.0,131,55,121,56,17,10,4,0,0,0,3.41,1.29
Shota Imanaga,CHC,32,25,25,0,0,144.2,117,60,117,26,31,9,8,0,0,0,3.73,0.99
Davis Martin,CWS,29,26,25,0,0,142.2,136,65,104,48,20,7,10,0,0,0,4.10,1.29
Michael Lorenzen,KC,34,27,26,0,0,141.2,149,73,127,39,25,7,11,0,0,0,4.64,1.33
Noah Cameron,KC,26,24,24,0,0,138.1,109,46,114,43,18,9,7,0,0,0,2.99,1.10
Edward Cabrera,MIA,27,26,26,0,0,137.2,121,54,150,48,17,8,7,0,0,0,3.53,1.23
Tyler Anderson,LAA,36,26,26,0,0,136.1,135,69,104,57,28,2,8,0,0,0,4.56,1.41
Sean Burke,CWS,26,28,22,0,0,134.1,131,63,133,63,23,4,11,0,0,0,4.22,1.44
Randy Vasquez,SD,27,28,26,0,0,133.2,125,57,78,52,16,6,7,0,0,0,3.84,1.32
Zack Littell,TB,30,22,22,1,0,133.1,128,53,89,21,26,8,8,0,0,0,3.58,1.12
Slade Cecconi,CLE,26,23,23,0,0,132.0,125,63,109,32,24,7,7,0,0,0,4.30,1.19
Jose Quintana,MIL,37,24,24,0,0,131.2,120,58,89,50,18,11,7,0,0,0,3.96,1.29
Logan Gilbert,SEA,28,25,25,0,0,131.0,104,50,173,31,20,6,6,0,0,0,3.44,1.03
Brad Lord,WSH,26,48,19,0,0,130.2,126,63,108,43,17,5,10,0,0,7,4.34,1.29
Nathan Eovaldi,TEX,36,22,22,1,1,130.0,90,25,129,21,10,11,3,0,0,0,1.73,0.85
Antonio Senzatela,COL,31,30,23,0,0,130.0,192,96,73,47,22,4,15,0,0,0,6.65,1.84
Jameson Taillon,CHC,34,23,23,0,0,129.2,110,53,98,27,24,11,7,0,0,0,3.68,1.06
Merrill Kelly,ARI,37,22,22,0,0,128.2,98,46,121,38,14,9,6,0,0,0,3.22,1.06
German Marquez,COL,31,26,26,0,0,126.1,168,94,83,48,23,3,16,0,0,0,6.70,1.71
George Kirby,SEA,28,23,23,0,0,126.0,121,59,137,29,15,10,8,0,0,0,4.21,1.19
Chris Sale,ATL,36,21,20,0,0,125.2,102,36,165,32,11,7,5,0,0,0,2.58,1.07
Spencer Strider,ATL,27,23,23,0,0,125.1,124,62,131,51,20,7,14,0,0,0,4.45,1.40
Taijuan Walker,PHI,33,34,21,0,0,123.2,132,56,86,42,21,5,8,1,2,2,4.08,1.41
Andrew Heaney,PIT,34,26,23,0,0,120.1,125,72,84,39,24,5,10,0,0,0,5.39,1.36
Chad Patrick,MIL,27,27,23,0,0,119.2,113,47,127,40,13,3,8,0,0,1,3.53,1.28
Cade Horton,CHC,24,23,22,0,0,118.0,95,35,97,33,10,11,4,0,0,0,2.67,1.08
Kris Bubic,KC,28,20,20,0,0,116.1,98,33,116,39,6,8,7,0,0,0,2.55,1.18
Grant Holmes,ATL,29,22,21,0,0,115.0,100,51,123,54,16,4,9,0,0,0,3.99,1.34
Bailey Falter,PIT,28,22,22,0,0,113.1,95,47,70,39,17,7,5,0,0,0,3.73,1.18
Kodai Senga,NYM,33,22,22,0,0,113.1,94,38,109,55,12,7,6,0,0,0,3.02,1.31
Clayton Kershaw,LAD,37,23,22,0,0,112.2,102,42,84,35,8,11,2,0,0,0,3.36,1.22
Cade Povich,BAL,25,22,20,0,0,112.1,125,65,118,43,17,3,8,0,0,0,5.21,1.50
Walker Buehler,BOS,31,23,22,0,0,112.1,120,68,84,55,22,7,7,0,0,0,5.45,1.56
Taj Bradley,TB,24,21,21,0,0,111.1,99,57,95,44,13,6,6,0,0,0,4.61,1.28
Simeon Woods Richardson,MIN,25,23,22,0,0,111.1,96,50,107,46,17,7,4,0,0,0,4.04,1.28
Jack Kochanowicz,LAA,25,23,23,0,0,111.0,136,84,72,58,21,3,11,0,0,0,6.81,1.75
JP Sears,ATH,30,22,22,0,0,111.0,112,61,97,29,23,7,9,0,0,0,4.95,1.27
Chris Paddack,MIN,30,21,21,0,0,111.0,115,61,83,27,17,3,9,0,0,0,4.95,1.28
Spencer Schwellenbach,ATL,25,17,17,1,0,110.2,89,38,108,18,13,7,4,0,0,0,3.09,0.97
Janson Junk,MIA,30,21,16,0,0,110.0,112,51,77,13,8,6,4,1,0,0,4.17,1.14
Cal Quantrill,MIA,31,24,24,0,0,109.2,122,67,82,30,17,4,10,0,0,0,5.50,1.39
Trevor Rogers,BAL,28,18,18,1,0,109.2,70,22,103,29,6,9,3,0,0,0,1.81,0.90
Hunter Greene,CIN,26,19,19,1,1,107.2,75,33,132,26,15,7,4,0,0,0,2.76,0.94
Landen Roupp,SF,27,22,22,0,0,106.2,113,45,102,45,11,7,7,0,0,0,3.80,1.48
Ben Brown,CHC,26,25,15,0,0,106.1,121,70,121,32,18,5,8,1,1,1,5.92,1.44
Eric Lauer,TOR,30,28,15,0,0,104.2,90,37,102,26,15,9,2,0,0,1,3.18,1.11
Dustin May,LAD,28,19,18,0,0,104.0,97,56,97,43,16,6,7,0,0,0,4.85,1.35
Jonathan Cannon,CWS,25,22,17,0,0,103.2,116,67,86,38,19,4,10,0,0,0,5.82,1.49
Erick Fedde,STL,33,20,20,1,1,101.2,106,59,63,47,14,3,10,0,0,0,5.22,1.50
Charlie Morton,BAL,42,23,17,0,0,101.1,110,61,101,48,16,7,8,0,0,0,5.42,1.56
Mike Vasil,CWS,25,47,3,0,0,101.0,74,28,82,52,8,5,3,4,2,2,2.50,1.25
Carmen Mlodzinski,PIT,27,34,12,0,0,99.0,102,39,89,27,8,5,8,0,1,3,3.55,1.30
Chase Dollander,COL,24,21,21,0,0,98.0,103,71,82,49,18,2,12,0,0,0,6.52,1.55
Mike Burrows,PIT,26,23,19,0,0,96.0,88,42,97,31,13,2,4,0,0,0,3.94,1.24
Michael McGreevy,STL,25,17,16,0,0,95.2,100,47,58,20,12,8,4,0,0,0,4.42,1.25
Eury Perez,MIA,22,20,20,0,0,95.1,68,45,105,32,12,7,6,0,0,0,4.25,1.05
Joey Cantillo,CLE,26,34,13,0,0,95.1,78,34,108,42,10,5,3,1,0,1,3.21,1.26
Aaron Nola,PHI,32,17,17,0,0,94.1,99,63,97,28,18,5,10,0,0,0,6.01,1.35
Jacob Lopez,ATH,28,21,17,0,0,92.2,81,42,113,37,15,7,7,0,0,0,4.08,1.27
Keider Montero,DET,25,20,12,0,0,90.2,95,44,72,31,16,5,3,0,0,0,4.37,1.39
Bryce Miller,SEA,27,18,18,0,0,90.1,93,57,74,34,17,4,6,0,0,0,5.68,1.41
Tyler Glasnow,LAD,32,18,18,0,0,90.1,56,32,106,43,10,4,3,0,0,0,3.19,1.10
J.T. Ginn,ATH,26,23,16,0,0,90.1,92,51,99,31,17,4,7,0,0,1,5.08,1.36
Emerson Hancock,SEA,26,22,16,0,0,90.0,93,49,64,31,15,4,5,0,0,0,4.90,1.38
Luis L. Ortiz,CLE,27,16,16,0,0,88.2,80,43,96,42,12,4,9,0,0,0,4.36,1.38
Kyle Leahy,STL,28,62,1,0,0,88.0,80,30,80,28,5,4,2,1,4,18,3.07,1.23
Tyler Mahle,TEX,31,16,16,0,0,86.2,69,21,66,29,5,6,4,0,0,0,2.18,1.13
Colton Gordon,HOU,27,20,14,0,0,86.0,103,51,72,19,21,6,4,1,0,0,5.34,1.42
Ryan Gusto,HOU,27,24,14,0,0,86.0,95,47,87,28,13,7,4,0,0,0,4.92,1.43
Jacob Latz,TEX,29,33,8,0,0,85.2,69,27,76,37,7,2,0,1,0,1,2.84,1.24
Max Scherzer,TOR,41,17,17,0,0,85.0,87,49,82,23,19,5,5,0,0,0,5.19,1.29
Mitch Spence,ATH,27,32,8,0,0,84.2,96,48,66,26,16,3,6,1,0,4,5.10,1.44
Jimmy Herget,COL,32,59,0,0,0,83.1,72,23,81,26,6,1,2,0,1,9,2.48,1.18
Trevor Williams,WSH,33,17,17,0,0,82.2,106,57,65,21,11,3,10,0,0,0,6.21,1.54
Michael Soroka,WSH,28,16,16,0,0,81.1,68,44,87,24,11,3,8,0,0,0,4.87,1.13
Logan Evans,SEA,24,16,15,0,0,81.1,82,39,59,31,13,6,5,0,1,0,4.32,1.39
Valente Bellozo,MIA,26,32,6,0,0,81.1,85,42,54,23,15,1,4,0,0,1,4.65,1.33
Spencer Bivens,SF,31,54,0,0,0,81.0,83,36,61,25,6,4,3,3,0,4,4.00,1.33
Stephen Kolek,SD,28,14,14,1,1,79.2,78,37,56,26,8,4,5,0,0,0,4.18,1.31
Osvaldo Bido,ATH,30,26,10,0,0,79.2,93,52,68,35,19,2,5,1,0,0,5.87,1.61
Zebby Matthews,MIN,25,16,16,0,0,79.1,94,49,88,24,12,5,6,0,0,0,5.56,1.49
Eduard Bazardo,SEA,30,73,0,0,0,78.2,53,22,82,27,9,5,0,0,1,12,2.52,1.02
Clarke Schmidt,NYY,30,14,14,0,0,78.2,56,29,73,30,9,4,4,0,0,0,3.32,1.09
Tyler Holton,DET,29,70,6,0,0,78.2,65,32,64,17,15,6,5,0,4,18,3.66,1.04
Tyler Phillips,MIA,28,54,1,0,0,77.2,65,24,52,24,8,2,1,4,0,8,2.78,1.15
Ben Casparius,LAD,27,46,3,0,0,77.2,78,40,71,21,8,7,5,2,0,13,4.64,1.27
Carlos Vargas,SEA,26,70,0,0,0,77.0,81,34,54,23,10,5,5,1,7,14,3.97,1.35
Griffin Canning,NYM,29,16,16,0,0,76.1,70,32,70,35,8,7,3,0,0,0,3.77,1.38
Jose Ferrer,WSH,26,72,0,0,0,76.1,81,38,71,16,5,4,4,11,4,21,4.48,1.27
Jack Dreyer,LAD,27,67,5,0,0,76.1,56,25,74,24,4,3,2,4,1,10,2.95,1.05
Edwin Uceta,TB,28,70,0,0,0,76.0,62,32,103,27,11,10,3,1,5,21,3.79,1.17
Pablo Lopez,MIN,30,14,14,0,0,75.2,64,23,73,20,6,5,4,0,0,0,2.74,1.11
Tanner Gordon,COL,28,15,15,0,0,75.1,96,53,62,17,16,6,8,0,0,0,6.33,1.50
Abner Uribe,MIL,25,75,0,0,0,75.1,51,14,90,27,4,3,2,7,2,38,1.67,1.04
Shawn Armstrong,TEX,35,71,2,0,0,74.0,40,19,74,20,5,4,3,9,3,12,2.31,0.81
Tony Santillan,CIN,28,80,0,0,0,73.2,53,20,75,29,7,1,5,7,4,33,2.44,1.11
Adrian Morejon,SD,27,75,0,0,0,73.2,49,17,70,17,2,13,6,3,4,21,2.08,0.90
Cade Smith,CLE,26,76,0,0,0,73.2,55,24,104,19,4,8,5,16,6,19,2.93,1.00
Emmet Sheehan,LAD,26,15,12,0,0,73.1,49,23,89,22,7,6,3,0,0,0,2.82,0.97
Michael King,SD,30,15,15,1,1,73.1,62,28,76,26,12,5,3,0,0,0,3.44,1.20
Jackson Rutledge,WSH,26,63,0,0,0,73.1,87,47,65,24,16,4,2,0,0,3,5.77,1.51
Ronny Henriquez,MIA,25,69,0,0,0,73.0,53,18,98,27,8,7,1,7,4,27,2.22,1.10
Jeremiah Estrada,SD,27,77,0,0,0,73.0,58,28,108,27,12,4,5,3,3,33,3.45,1.16
Yariel Rodriguez,TOR,29,66,1,0,0,73.0,50,25,66,34,8,3,2,2,1,14,3.08,1.15
Cam Schlittler,NYY,25,14,14,0,0,73.0,58,24,84,31,8,4,3,0,0,0,2.96,1.22
Garrett Whitlock,BOS,29,62,0,0,0,72.0,54,18,91,24,2,7,3,1,4,25,2.25,1.08
Cole Sands,MIN,28,69,3,0,0,72.0,65,36,64,19,7,4,6,3,4,13,4.50,1.17
Yu Darvish,SD,39,15,15,0,0,72.0,66,43,68,19,14,5,5,0,0,0,5.38,1.18
Steven Okert,HOU,34,68,1,0,0,71.2,45,24,84,19,6,3,2,1,1,11,3.01,0.89
Wandy Peralta,SD,34,71,1,0,0,71.2,66,25,63,30,5,6,1,0,1,4,3.14,1.34
Zach Eflin,BAL,31,14,14,0,0,71.1,88,47,50,13,18,6,5,0,0,0,5.93,1.42
Jason Alexander,HOU,33,14,13,0,0,71.1,68,29,60,21,12,4,2,1,0,0,3.66,1.25
Lake Bachar,MIA,30,53,1,0,0,71.0,55,31,75,30,10,8,2,3,1,5,3.93,1.20
Bryan Abreu,HOU,28,70,0,0,0,71.0,51,18,105,31,4,3,4,7,5,25,2.28,1.15
Dennis Santana,PIT,29,70,0,0,0,70.1,44,17,60,17,5,4,5,16,3,12,2.18,0.87
Hoby Milner,TEX,35,73,0,0,0,70.1,68,30,58,21,5,3,4,0,4,18,3.84,1.27
Brad Keller,CHC,30,68,1,0,0,69.2,45,16,75,22,4,4,2,3,3,26,2.07,0.96
Braxton Ashcraft,PIT,26,26,8,0,0,69.2,63,21,71,24,3,4,4,0,1,4,2.71,1.25
Grant Anderson,MIL,28,66,0,0,0,69.2,59,25,74,29,8,2,6,0,2,6,3.23,1.26
Robert Suarez,SD,35,70,0,0,0,69.2,47,23,75,16,6,4,6,40,5,0,2.97,0.90
Brandon Eisert,CWS,28,72,3,0,0,69.2,75,34,74,25,12,3,8,2,3,8,4.39,1.44
Will Vest,DET,30,64,0,0,0,68.2,61,23,75,22,4,6,5,23,7,4,3.01,1.21
Reese Olson,DET,26,13,13,0,0,68.2,58,24,65,25,5,4,4,0,0,0,3.15,1.21
Emilio Pagan,CIN,34,70,0,0,0,68.2,41,22,81,22,10,2,4,32,6,2,2.88,0.92
Adrian Houser,CWS,33,11,11,0,0,68.2,62,16,47,22,3,6,2,0,0,0,2.10,1.22
Brendon Little,TOR,29,79,0,0,0,68.1,48,23,91,45,2,4,2,1,3,30,3.03,1.36
Scott Barlow,CIN,33,75,1,0,0,68.1,50,32,75,45,8,6,3,1,1,16,4.21,1.39
Dylan Lee,ATL,31,74,0,0,0,68.1,53,25,76,14,13,2,4,2,7,19,3.29,0.98
Tylor Megill,NYM,30,14,14,0,0,68.1,60,30,89,33,6,5,5,0,0,0,3.95,1.36
Bryan King,HOU,29,68,0,0,0,68.0,60,21,69,11,10,5,4,2,3,27,2.78,1.04
Jeff Hoffman,TOR,33,71,0,0,0,68.0,54,33,84,27,15,9,7,33,7,0,4.37,1.19
Brent Suter,CIN,36,48,3,0,0,67.2,69,34,53,18,11,1,2,0,1,0,4.52,1.29
Daniel Lynch,KC,29,57,2,0,0,67.2,66,23,45,26,8,6,2,1,0,7,3.06,1.36
Raisel Iglesias,ATL,36,70,0,0,0,67.1,51,24,73,16,8,4,6,29,5,2,3.21,1.00
Tanner Banks,PHI,34,69,1,0,0,67.1,56,23,61,12,9,6,2,1,3,10,3.07,1.01
Greg Weissert,BOS,31,72,0,0,0,67.0,57,21,57,21,6,6,6,4,9,17,2.82,1.16
Aaron Civale,CWS,30,13,13,0,0,67.0,66,40,55,26,8,2,7,0,0,0,5.37,1.37
Tim Hill,NYY,36,70,0,0,0,67.0,58,23,37,16,8,4,4,0,0,15,3.09,1.10
Jakob Junis,CLE,33,57,0,0,0,66.2,64,22,55,18,5,4,1,0,0,6,2.97,1.23
Aaron Ashby,MIL,27,43,1,0,0,66.2,54,16,76,24,3,5,2,3,0,5,2.16,1.17
Hunter Gaddis,CLE,27,73,0,0,0,66.2,58,23,73,21,8,2,2,3,4,35,3.11,1.19
Justin Wrobleski,LAD,25,24,2,0,0,66.2,65,32,76,17,6,5,5,2,0,6,4.32,1.23
Edwin Diaz,NYM,31,62,0,0,0,66.1,37,12,98,21,4,6,3,28,3,0,1.63,0.87
Carlos Estevez,KC,33,67,0,0,0,66.0,48,18,54,22,5,4,5,42,6,0,2.45,1.06
Jacob Webb,TEX,32,55,0,0,0,66.0,49,22,58,19,10,5,4,1,2,7,3.00,1.03
Jared Koenig,MIL,32,72,0,0,0,66.0,57,21,68,20,6,6,1,2,2,28,2.86,1.17
Jacob Misiorowski,MIL,23,15,14,0,0,66.0,51,32,87,31,8,5,3,0,0,0,4.36,1.24
Hayden Birdsong,SF,24,21,10,0,0,65.2,61,35,68,37,10,4,4,0,0,3,4.80,1.49
Graham Ashcraft,CIN,28,62,0,0,0,65.1,68,29,64,25,2,8,5,0,6,23,3.99,1.42
Jason Adam,SD,34,65,0,0,0,65.1,50,14,70,25,4,8,4,0,2,30,1.93,1.15
Kolby Allard,CLE,28,33,2,0,0,65.0,64,19,42,14,5,2,2,0,0,3,2.63,1.20
Anthony Banda,LAD,32,71,1,0,0,65.0,45,23,61,34,8,5,1,0,1,11,3.18,1.22
Justin Sterner,ATH,29,59,1,0,0,65.0,47,23,70,21,10,4,3,0,6,16,3.18,1.05
Angel Zerpa,KC,26,69,2,0,0,64.2,67,30,58,22,7,5,2,0,4,14,4.18,1.38
Max Meyer,MIA,27,12,12,0,0,64.2,72,34,68,20,12,3,5,0,0,0,4.73,1.42
Brandon Woodruff,MIL,33,12,12,0,0,64.2,45,23,83,14,9,7,2,0,0,0,3.20,0.91
Luke Weaver,NYY,32,64,0,0,0,64.2,46,26,72,20,10,4,4,8,4,21,3.62,1.02
Hogan Harris,ATH,29,48,0,0,0,64.2,54,23,65,33,5,2,1,4,0,3,3.20,1.35
Kumar Rocker,TEX,26,14,14,0,0,64.1,71,41,56,23,11,4,5,0,0,0,5.74,1.46
Corbin Burnes,ARI,31,11,11,0,0,64.1,49,19,63,26,7,3,2,0,0,0,2.66,1.17
Jordan Leasure,CWS,27,68,1,0,0,64.1,49,28,81,30,12,5,6,7,5,15,3.92,1.23
Robert Garcia,TEX,29,71,0,0,0,64.0,58,21,68,22,8,4,8,9,7,15,2.95,1.25
Joey Wentz,ATL,28,14,13,0,0,64.0,68,35,64,23,6,3,6,0,0,0,4.92,1.42
Ryan Yarbrough,NYY,34,19,8,0,0,64.0,58,31,55,19,13,3,1,1,0,0,4.36,1.20
John Schreiber,KC,32,74,0,0,0,64.0,57,27,62,19,10,3,3,1,4,23,3.80,1.19
Bowden Francis,TOR,29,14,14,0,0,64.0,71,43,54,27,19,2,8,0,0,0,6.05,1.53
Reid Detmers,LAA,26,61,0,0,0,63.2,58,28,80,25,6,5,3,3,5,13,3.96,1.30
Yuki Matsui,SD,30,61,0,0,0,63.1,53,28,61,33,10,3,1,1,0,3,3.98,1.36
Keegan Akin,BAL,30,64,3,0,0,63.1,54,24,59,33,10,5,4,8,6,16,3.41,1.37
Tommy Kahnle,DET,36,66,0,0,0,63.0,51,31,50,31,8,1,5,9,5,16,4.43,1.30
Huascar Brazoban,NYM,36,52,3,0,0,63.0,51,25,57,27,6,5,2,2,4,12,3.57,1.24
Brant Hurter,DET,27,43,4,0,0,63.0,57,17,68,27,4,4,3,2,0,5,2.43,1.33
Matt Strahm,PHI,34,66,0,0,0,62.1,47,19,70,20,5,2,3,6,4,22,2.74,1.07
Andres Munoz,SEA,27,64,0,0,0,62.1,36,12,83,28,2,3,3,38,7,0,1.73,1.03
Gabe Speier,SEA,30,76,0,0,0,62.0,43,18,82,11,5,4,3,0,6,24,2.61,0.87
Devin Williams,NYY,31,67,0,0,0,62.0,45,33,90,25,5,4,6,18,4,15,4.79,1.13
Brock Burke,LAA,29,69,1,0,0,61.2,58,23,52,18,8,7,1,0,5,15,3.36,1.23
Cole Ragans,KC,28,13,13,0,0,61.2,53,32,98,20,7,3,3,0,0,0,4.67,1.18
Lucas Erceg,KC,30,61,0,0,0,61.1,54,18,48,18,4,8,4,2,5,23,2.64,1.17
Garrett Cleavinger,TB,31,67,0,0,0,61.1,40,16,82,18,9,2,6,2,4,22,2.35,0.95
Tyler Alexander,CWS,31,31,1,0,0,61.1,65,29,52,18,6,2,9,0,1,2,4.26,1.35
Blake Snell,LAD,33,11,11,0,0,61.1,51,16,72,26,3,5,4,0,0,0,2.35,1.26
Ryan Walker,SF,30,68,0,0,0,61.1,60,28,60,18,4,5,7,17,6,9,4.11,1.27
Juan Mejia,COL,25,55,0,0,0,61.1,52,27,68,25,6,2,2,1,3,12,3.96,1.26
Aroldis Chapman,BOS,38,67,0,0,0,61.1,28,8,85,15,3,5,3,32,2,4,1.17,0.70
Hunter Dobbins,BOS,26,13,11,0,0,61.0,61,28,45,17,6,4,1,0,1,0,4.13,1.28
JoJo Romero,STL,29,65,0,0,0,61.0,47,14,55,29,2,4,6,8,1,24,2.07,1.25
Sean Manaea,NYM,34,15,12,0,0,60.2,62,38,75,12,13,2,4,0,0,0,5.64,1.22
Pete Fairbanks,TB,32,61,0,0,0,60.1,45,19,59,18,7,4,5,27,5,0,2.83,1.04
Matt Svanson,STL,27,39,0,0,0,60.1,33,13,68,20,3,4,0,0,0,5,1.94,0.88
Calvin Faucher,MIA,30,65,0,0,0,60.1,53,22,59,24,8,4,4,15,5,7,3.28,1.28
Orion Kerkering,PHI,24,69,0,0,0,60.0,55,22,65,27,6,8,4,4,7,19,3.30,1.37
Justin Topa,MIN,35,54,1,0,0,60.0,68,26,49,18,2,1,5,4,4,4,3.90,1.43
Brenan Hanifee,DET,27,54,0,0,0,60.0,65,20,40,14,3,3,3,0,1,11,3.00,1.32
Alex Vesia,LAD,29,68,0,0,0,59.2,37,20,80,22,9,4,2,5,4,25,3.02,0.99
Pierce Johnson,ATL,34,65,0,0,0,59.0,52,20,59,19,8,3,3,1,3,16,3.05,1.20
Kenley Jansen,LAA,38,62,0,0,0,59.0,37,17,57,19,8,5,4,29,1,0,2.59,0.95
Bradley Blalock,COL,25,14,12,0,0,58.2,85,61,27,23,17,2,6,0,0,0,9.36,1.84
Angel Chivilli,COL,23,43,0,0,0,58.2,76,46,43,23,13,1,5,0,0,1,7.06,1.69
Tyler Ferguson,ATH,32,56,0,0,0,58.0,43,30,54,34,4,4,2,2,3,11,4.66,1.33
Caleb Thielbar,CHC,39,67,0,0,0,58.0,38,17,56,13,5,3,4,1,3,26,2.64,0.88
Yennier Cano,BAL,32,65,0,0,0,58.0,62,33,53,24,7,3,7,2,5,17,5.12,1.48
Austin Gomber,COL,32,12,12,0,0,57.2,82,48,34,17,16,0,7,0,0,0,7.49,1.72
Brandon Young,BAL,27,12,12,0,0,57.2,67,40,47,22,12,1,7,0,0,0,6.24,1.54
Jalen Beeks,ARI,32,61,2,0,0,57.1,42,24,47,20,6,5,3,1,2,14,3.77,1.08
Luis Gil,NYY,27,11,11,0,0,57.0,47,21,41,33,5,4,1,0,0,0,3.32,1.40
Ryan Zeferjahn,LAA,28,62,1,0,0,57.0,49,30,73,35,12,6,5,2,5,18,4.74,1.47
Tanner Scott,LAD,31,61,0,0,0,57.0,54,30,60,18,11,1,4,23,10,8,4.74,1.26
Ian Seymour,TB,27,19,5,0,0,57.0,48,23,64,19,5,4,3,0,1,0,3.63,1.18
Nick Mears,MIL,29,63,0,0,0,56.2,42,22,46,13,7,5,3,1,6,17,3.49,0.97
Tristan Beck,SF,29,31,1,0,0,56.2,47,29,41,16,7,1,0,2,0,3,4.61,1.11
Adrian Houser,TB,33,10,10,0,0,56.1,60,30,45,16,7,2,3,0,0,0,4.79,1.35
Hurston Waldrep,ATL,24,10,9,0,0,56.1,45,18,55,22,3,6,1,0,0,0,2.88,1.19
Ryne Stanek,NYM,34,65,0,0,0,56.0,56,33,58,32,7,4,6,3,5,11,5.30,1.57
Martin Perez,CWS,34,11,10,0,0,56.0,40,22,44,22,6,1,6,0,0,0,3.54,1.11
Lance McCullers,HOU,32,16,13,0,0,55.1,61,40,61,39,10,2,5,0,0,0,6.51,1.81
Taylor Clarke,KC,32,51,0,0,0,55.1,38,20,44,9,8,1,1,1,1,5,3.25,0.85
Merrill Kelly,TEX,37,10,10,0,0,55.1,59,26,46,10,9,3,3,0,0,0,4.23,1.25
Reed Garrett,NYM,33,58,1,0,0,55.1,47,24,64,26,5,3,6,3,7,20,3.90,1.32
Steven Wilson,CWS,31,59,0,0,0,55.1,50,21,51,22,7,2,2,2,7,9,3.42,1.30
Steven Matz,STL,34,32,2,0,0,55.0,56,21,47,9,4,5,2,1,3,7,3.44,1.18
Matt Festa,CLE,33,63,0,0,0,54.2,44,25,56,15,4,5,4,0,2,12,4.12,1.08
Cade Gibson,MIA,28,44,1,0,0,54.2,44,16,43,21,3,4,5,0,2,5,2.63,1.19
Aaron Bummer,ATL,32,42,2,0,0,54.1,51,23,51,17,3,3,2,0,0,2,3.81,1.25
Brandon Walter,HOU,29,9,9,0,0,53.2,46,20,52,4,10,1,3,0,0,0,3.35,0.93
David Festa,MIN,26,11,10,0,0,53.1,49,32,53,19,10,3,4,0,0,0,5.40,1.28
Jake Bird,COL,30,45,0,0,0,53.1,56,28,62,23,5,4,1,0,6,10,4.73,1.48
Zack Littell,CIN,30,10,10,0,0,53.1,46,26,41,11,10,2,0,0,0,0,4.39,1.07
Josh Hader,HOU,31,48,0,0,0,52.2,29,12,76,16,8,6,2,28,1,0,2.05,0.85
Mason Fluharty,TOR,24,55,0,0,0,52.2,36,26,56,24,6,5,2,1,2,5,4.44,1.14
Cole Henry,WSH,26,57,0,0,0,52.2,43,25,52,32,7,1,2,2,0,9,4.27,1.42
Daniel Palencia,CHC,26,54,0,0,0,52.2,44,17,61,16,5,1,6,22,3,6,2.91,1.14
Joe Boyle,TB,26,13,9,0,0,52.0,43,27,58,28,6,1,4,0,0,0,4.67,1.37
Brennan Bernardino,BOS,34,55,3,0,0,51.2,39,18,43,26,1,4,3,1,0,2,3.14,1.26
Sean Newcomb,ATH,32,36,0,0,0,51.1,39,10,50,14,2,2,1,2,0,4,1.75,1.03
Joe Ross,PHI,32,37,1,0,0,51.0,57,29,39,18,8,2,1,0,2,0,5.12,1.47
Tyler Gilbert,CWS,32,46,5,0,0,51.0,40,22,49,24,5,4,2,1,0,5,3.88,1.25
Victor Vodnik,COL,26,52,0,0,0,50.2,45,17,49,26,4,4,3,10,5,7,3.02,1.40
Tobias Myers,MIL,27,22,6,0,0,50.2,54,20,38,15,5,1,2,0,0,1,3.55,1.36
Randy Rodriguez,SF,26,50,0,0,0,50.2,34,10,67,11,4,3,5,4,3,13,1.78,0.89
Bennett Sousa,HOU,30,44,0,0,0,50.2,37,16,59,15,4,5,1,4,2,8,2.84,1.03
Anthony Bender,MIA,31,51,0,0,0,50.0,32,12,42,21,3,3,5,4,3,19,2.16,1.06
Tyler Rogers,SF,35,53,0,0,0,50.0,39,10,38,4,3,4,3,0,1,20,1.80,0.86
Braydon Fisher,TOR,25,52,1,0,0,50.0,32,15,62,19,4,7,0,0,1,5,2.70,1.02
Drew Pomeranz,CHC,37,57,4,0,0,49.2,38,12,57,15,5,2,2,1,2,14,2.17,1.07
Casey Legumina,SEA,28,48,1,0,0,49.2,47,31,55,25,7,4,6,0,0,3,5.62,1.45
Jhoan Duran,MIN,28,49,0,0,0,49.1,40,11,53,18,1,6,4,16,2,1,2.01,1.18
Louis Varland,MIN,28,51,0,0,0,49.0,41,11,47,13,3,3,3,0,1,17,2.02,1.10
Jackson Jobe,DET,23,10,10,0,0,49.0,46,23,39,27,7,4,1,0,0,0,4.22,1.49
Cade Cavalli,WSH,27,10,10,0,0,48.2,57,23,40,15,7,3,1,0,0,0,4.25,1.48
Luis Morales,ATH,23,10,9,0,0,48.2,38,17,43,18,8,4,3,0,0,0,3.14,1.15
Jordan Hicks,SF,29,13,9,0,0,48.2,55,35,43,20,3,1,5,0,0,1,6.47,1.54
Justin Wilson,BOS,38,61,0,0,0,48.1,48,18,57,20,3,4,1,0,4,18,3.35,1.41
Mark Leiter,NYY,35,59,0,0,0,48.1,57,26,54,17,5,6,7,2,4,16,4.84,1.53
Yoendrys Gomez,CWS,26,12,9,0,0,48.1,45,26,47,16,9,2,2,0,0,0,4.84,1.26
Ronel Blanco,HOU,32,9,9,0,0,48.1,37,22,48,20,7,3,4,0,0,0,4.10,1.18
John King,STL,31,51,0,0,0,48.1,65,25,28,14,8,2,1,0,1,4,4.66,1.63
Nolan McLean,NYM,24,8,8,0,0,48.0,34,11,57,16,4,5,1,0,0,0,2.06,1.04
Riley O'Brien,STL,31,42,0,0,0,48.0,33,11,45,22,2,3,1,6,3,6,2.06,1.15
Fernando Cruz,NYY,35,49,0,0,0,48.0,33,19,72,24,5,3,4,2,1,16,3.56,1.19
Isaac Mattson,PIT,30,44,0,0,0,47.2,35,13,45,19,4,3,3,0,3,12,2.45,1.13
Tyler Kinley,COL,35,49,0,0,0,47.2,42,30,51,27,5,1,3,3,3,8,5.66,1.45
Matt Brash,SEA,27,53,0,0,0,47.1,41,13,58,18,4,1,3,4,1,21,2.47,1.25
Emmanuel Clase,CLE,28,48,0,0,0,47.1,46,17,47,12,2,5,3,24,5,1,3.23,1.23
Bryse Wilson,CWS,28,20,5,0,0,47.1,67,35,28,19,11,0,2,0,0,0,6.65,1.82
David Morgan,SD,26,41,2,0,0,47.1,35,14,50,23,4,1,2,0,0,1,2.66,1.23
Connor Brogdon,LAA,31,43,0,0,0,47.0,45,29,49,18,11,3,2,0,0,4,5.55,1.34
Jose Butto,NYM,27,34,0,0,0,47.0,43,19,41,22,2,3,2,1,1,2,3.64,1.38
Chris Paddack,DET,30,12,7,0,0,47.0,51,33,29,10,14,2,3,1,0,0,6.32,1.30
Trevor Megill,MIL,32,50,0,0,0,47.0,36,13,60,17,3,6,3,30,6,0,2.49,1.13
Shohei Ohtani,LAD,31,158,14,0,0,47.0,40,15,62,9,3,1,1,0,0,0,2.87,1.04
Camilo Doval,SF,28,47,0,0,0,46.2,32,16,50,24,2,4,2,15,4,7,3.09,1.20
Griffin Jax,MIN,31,50,0,0,0,46.0,46,23,72,13,4,1,5,0,5,21,4.50,1.28
Kaleb Ort,HOU,34,49,0,0,0,46.0,35,25,49,27,8,2,2,1,0,3,4.89,1.35
Mason Montgomery,TB,25,57,0,0,0,46.0,49,29,63,27,6,1,3,1,3,10,5.67,1.65
Steven Cruz,KC,26,47,0,0,0,45.2,36,19,38,18,5,3,1,0,0,9,3.74,1.18
Troy Melton,DET,25,16,4,0,0,45.2,31,14,36,15,7,3,2,0,0,2,2.76,1.01
Richard Fitts,BOS,26,11,10,0,0,45.0,43,25,40,16,11,2,4,0,0,0,5.00,1.31
Chase Shugart,PIT,29,35,0,0,0,45.0,33,17,31,17,6,4,3,0,2,5,3.40,1.11
Ben Lively,CLE,34,9,9,0,0,44.2,38,16,29,15,6,2,2,0,0,0,3.22,1.19
Mason Englert,TB,26,29,0,0,0,44.2,43,19,44,11,4,0,1,0,0,1,3.83,1.21
Jonathan Bowlan,KC,29,34,1,0,0,44.1,37,19,46,17,6,1,2,0,0,2,3.86,1.22
AJ Smith-Shawver,ATL,23,9,9,0,0,44.1,42,19,42,21,4,3,2,0,0,0,3.86,1.42
Tanner Houck,BOS,29,9,9,0,0,43.2,57,39,32,17,10,0,3,0,0,0,8.04,1.69
Chris Flexen,CHC,31,21,1,0,0,43.2,38,15,22,12,7,5,1,1,0,0,3.09,1.15
Enyel De Los Santos,ATL,30,43,0,0,0,43.2,39,22,38,18,2,3,3,0,1,2,4.53,1.31
Chad Green,TOR,34,45,0,0,0,43.2,51,27,35,13,14,3,2,1,0,7,5.56,1.47
Caleb Ferguson,PIT,29,45,0,0,0,43.1,33,18,34,14,1,2,2,0,4,11,3.74,1.08
Chase Burns,CIN,23,13,8,0,0,43.1,41,22,67,16,5,0,3,0,0,1,4.57,1.32
Caleb Boushley,TEX,32,25,1,0,0,43.1,54,29,41,14,5,0,0,1,0,0,6.02,1.57
Gordon Graceffo,STL,26,26,0,0,0,43.0,50,30,40,13,2,3,1,1,2,0,6.28,1.47
Kyle Hart,SD,33,20,6,0,0,43.0,38,28,37,13,9,3,3,0,0,2,5.86,1.19
Jordan Romano,PHI,32,49,0,0,0,42.2,45,39,47,17,10,2,4,8,3,7,8.23,1.45
Tim Herrin,CLE,29,54,0,0,0,42.2,37,23,45,30,5,5,4,0,2,15,4.85,1.57
Landon Knack,LAD,28,10,7,0,0,42.1,40,23,42,19,10,3,2,1,0,1,4.89,1.39
Trent Thornton,SEA,32,33,0,0,0,42.1,41,22,32,14,6,2,0,0,1,5,4.68,1.30
Ryan Rolison,COL,28,31,1,0,0,42.1,55,33,25,20,11,1,0,0,0,0,7.02,1.77
Elvis Alvarado,ATH,27,37,0,0,0,42.1,34,15,50,22,6,1,1,0,1,4,3.19,1.32
Chris Martin,TEX,39,49,0,0,0,42.1,43,14,43,8,6,2,6,2,3,13,2.98,1.20
Cole Winn,TEX,26,33,0,0,0,41.2,23,7,35,17,3,0,1,0,0,4,1.51,0.96
Seranthony Dominguez,BAL,31,43,0,0,0,41.2,32,15,54,24,4,2,3,2,3,15,3.24,1.34
Eric Orze,TB,28,33,0,0,0,41.2,38,14,40,19,4,1,1,3,0,1,3.02,1.37
Ryan Thompson,ARI,33,48,0,0,0,41.1,42,18,36,13,4,3,2,1,3,17,3.92,1.33
Max Lazar,PHI,26,36,0,0,0,41.1,41,22,26,12,7,1,1,1,0,1,4.79,1.28
Kirby Yates,LAD,38,50,0,0,0,41.1,38,24,52,17,9,4,3,3,2,15,5.23,1.33
Ryan Pressly,CHC,37,44,0,0,0,41.1,46,20,28,17,6,2,3,5,2,7,4.35,1.52
Sean Newcomb,BOS,32,12,5,0,0,41.0,55,18,41,17,3,0,4,0,0,0,3.95,1.76
Kody Funderburk,MIN,29,39,0,0,0,41.0,44,16,40,18,2,4,1,1,0,7,3.51,1.51
Ryan Bergert,KC,26,8,8,0,0,40.2,37,20,39,17,4,1,2,0,0,0,4.43,1.33
Sam Long,KC,30,39,0,0,0,40.1,48,24,33,22,7,2,3,0,0,1,5.36,1.74
Shane Bieber,TOR,30,7,7,0,0,40.1,34,16,37,7,8,4,2,0,0,0,3.57,1.02
Johan Oviedo,PIT,28,9,9,0,0,40.1,26,16,42,23,6,2,1,0,0,0,3.57,1.21
Ian Hamilton,NYY,30,36,1,0,0,40.0,28,19,42,22,5,2,1,0,0,4,4.28,1.25
Michael Kelly,ATH,33,42,0,0,0,39.2,32,14,29,19,5,4,4,2,1,7,3.18,1.29
Kevin Kelly,TB,28,41,0,0,0,39.2,45,26,35,9,11,2,5,0,4,5,5.90,1.36
Parker Messick,CLE,25,7,7,0,0,39.2,46,12,38,6,4,3,1,0,0,0,2.72,1.31
Seth Halvorsen,COL,26,42,0,0,0,39.2,41,22,36,21,7,1,2,11,3,4,4.99,1.56
Charlie Morton,DET,42,9,9,0,0,39.1,40,31,47,23,7,2,3,0,0,0,7.09,1.60
Marcus Stroman,NYY,34,9,9,0,0,39.0,44,27,26,16,6,3,2,0,0,0,6.23,1.54
Kyle Finnegan,WSH,34,40,0,0,0,39.0,36,19,32,14,3,1,4,20,6,0,4.38,1.28
DL Hall,MIL,27,20,3,0,0,38.2,24,15,27,17,2,1,0,0,0,1,3.49,1.06
Anthony DeSclafani,ARI,35,13,4,0,0,38.2,37,22,36,12,11,1,2,2,0,1,5.12,1.27
Frankie Montas,NYM,32,9,7,0,0,38.2,48,27,32,14,8,3,2,0,0,0,6.28,1.60
Jack Perkins,ATH,26,12,4,0,0,38.2,27,18,37,18,4,3,2,3,0,1,4.19,1.16
Shinnosuke Ogasawara,WSH,28,23,2,0,0,38.2,43,30,30,17,9,1,1,0,0,1,6.98,1.55
Mason Miller,ATH,27,38,0,0,0,38.1,21,16,59,18,4,1,2,20,3,0,3.76,1.02
Joey Lucchesi,SF,32,38,0,0,0,38.1,35,16,31,12,4,0,1,0,0,6,3.76,1.23
Phil Maton,STL,32,40,0,0,0,38.1,28,10,48,15,1,1,3,2,2,20,2.35,1.12
Ryan Weathers,MIA,26,8,8,0,0,38.1,37,17,37,12,7,2,2,0,0,0,3.99,1.28
Bryan Baker,BAL,31,42,0,0,0,38.1,33,15,49,9,8,3,2,2,3,11,3.52,1.10
David Bednar,PIT,31,42,0,0,0,38.0,32,10,51,10,2,2,5,17,0,3,2.37,1.11
Kyle Nicolas,PIT,27,31,0,0,0,38.0,34,20,34,18,3,1,2,0,1,3,4.74,1.37
Lyon Richardson,CIN,26,34,0,0,0,37.2,37,19,30,21,2,0,3,0,1,3,4.54,1.54
Chase Lee,DET,27,32,0,0,0,37.1,32,17,36,9,7,4,1,0,1,5,4.10,1.10
Daysbel Hernandez,ATL,29,39,0,0,0,37.0,27,14,33,30,3,4,3,0,2,10,3.41,1.54
Javier Assad,CHC,28,8,7,0,0,37.0,33,15,23,12,3,4,1,0,0,0,3.65,1.22
Cristian Javier,HOU,28,8,8,0,0,37.0,32,19,34,15,3,2,4,0,0,0,4.62,1.27
Max Kranick,NYM,28,24,0,0,0,37.0,34,15,25,5,5,3,2,0,1,5,3.65,1.05
John Curtiss,ARI,32,30,0,0,0,36.2,29,16,24,5,5,3,2,1,0,4,3.93,0.93
George Soriano,MIA,26,24,0,0,0,36.2,46,34,36,19,10,2,0,1,0,0,8.35,1.77
Grant Taylor,CWS,23,36,2,0,0,36.2,37,20,54,15,0,2,4,6,1,9,4.91,1.42
Roki Sasaki,LAD,24,10,8,0,0,36.1,30,18,28,22,6,1,1,0,0,2,4.46,1.43
Gregory Soto,BAL,31,45,0,0,0,36.1,29,16,44,18,2,0,2,1,1,18,3.96,1.29
Tyler Alexander,MIL,31,21,4,0,0,36.1,42,25,30,12,3,3,5,1,1,1,6.19,1.49
Jake Woodford,ARI,29,22,0,0,0,36.1,45,26,23,13,3,0,4,3,4,2,6.44,1.60
Shelby Miller,ARI,35,37,0,0,0,36.1,24,8,40,11,3,3,3,10,5,8,1.98,0.96
Ryan Helsley,STL,31,36,0,0,0,36.0,36,12,41,14,4,3,1,21,5,0,3.00,1.39
Tony Gonsolin,LAD,31,7,7,0,0,36.0,33,20,38,18,9,3,2,0,0,0,5.00,1.42
Carson Seymour,SF,27,16,3,0,0,36.0,37,19,26,13,9,1,3,0,0,1,4.75,1.39
Ryan Bergert,SD,26,11,7,0,0,35.2,24,11,34,18,4,1,0,0,0,0,2.78,1.18
Yerry De Los Santos,NYY,28,25,0,0,0,35.2,37,13,28,17,1,0,1,0,0,3,3.28,1.51
Spencer Arrighetti,HOU,26,7,7,0,0,35.1,30,21,31,20,6,1,5,0,0,0,5.35,1.42
Zack Kelly,BOS,31,28,0,0,0,35.1,35,18,35,12,3,1,3,0,2,3,4.58,1.33
Dylan Dodd,ATL,27,28,0,0,0,35.0,28,14,30,5,5,1,0,0,1,2,3.60,0.94
Luke Jackson,TEX,34,39,0,0,0,35.0,32,16,24,19,4,2,5,9,2,3,4.11,1.46
Chris Murphy,BOS,27,23,0,0,0,34.2,21,12,30,20,4,3,0,0,0,1,3.12,1.18
Anthony Molina,COL,24,17,1,0,0,34.2,52,28,24,6,12,1,1,0,0,0,7.27,1.67
Felix Bautista,BAL,30,35,0,0,0,34.2,16,10,50,23,3,1,1,19,1,0,2.60,1.13
Carson Palmquist,COL,25,9,7,0,0,34.1,45,34,27,25,10,0,4,0,0,0,8.91,2.04
Jose Fermin,LAA,24,40,0,0,0,34.1,25,17,39,23,8,3,2,0,4,6,4.46,1.40
Juan Morillo,ARI,26,42,0,0,0,34.1,38,16,36,20,2,0,3,1,1,5,4.19,1.69
Rafael Montero,ATL,35,36,0,0,0,34.1,27,21,34,21,3,0,1,0,0,7,5.50,1.40
Brock Stewart,MIN,34,39,0,0,0,34.0,26,9,41,11,3,2,1,0,1,15,2.38,1.09
Justin Slaten,BOS,28,36,0,0,0,34.0,27,16,25,10,3,2,4,3,3,6,4.24,1.09
Nabil Crismatt,ARI,31,8,5,0,0,34.0,40,14,25,9,6,3,0,0,0,0,3.71,1.44
Travis Adams,MIN,26,18,2,0,0,33.2,39,28,31,17,6,1,4,0,1,2,7.49,1.66
Alek Jacob,SD,27,29,0,0,0,33.1,36,19,23,14,6,1,0,0,0,2,5.13,1.50
Yohan Ramirez,PIT,30,24,0,0,0,33.1,33,20,45,16,4,3,3,0,0,1,5.40,1.47
Thomas Hatch,MIN,31,11,1,0,0,33.0,38,20,21,17,6,2,1,0,0,0,5.45,1.67
Taylor Rogers,CIN,35,40,0,0,0,33.0,29,9,34,19,3,2,2,0,1,9,2.45,1.45
Porter Hodge,CHC,25,36,0,0,0,33.0,34,23,40,18,9,2,2,2,3,8,6.27,1.58
Stephen Kolek,KC,28,5,5,0,0,33.0,20,7,21,5,1,1,2,0,0,0,1.91,0.76
Caden Dana,LAA,22,7,5,0,0,32.1,30,23,33,18,9,0,4,0,0,0,6.40,1.48
Gunnar Hoglund,ATH,26,6,6,0,0,32.1,38,23,23,11,10,1,3,0,0,0,6.40,1.52
Kyle Bradish,BAL,29,6,6,0,0,32.0,23,9,47,10,3,1,1,0,0,0,2.53,1.03
Hayden Wesneski,HOU,28,6,6,0,0,32.0,29,16,29,6,7,1,3,0,0,0,4.50,1.09
AJ Blubaugh,HOU,25,11,3,0,0,32.0,17,6,35,11,6,3,1,0,0,0,1.69,0.88
Carlos Carrasco,NYY,38,8,6,0,0,32.0,39,21,25,10,7,2,2,0,0,0,5.91,1.53
Tommy Nance,TOR,34,30,0,0,0,31.2,25,7,32,7,0,2,0,0,0,5,1.99,1.01
Bubba Chandler,PIT,23,7,4,0,0,31.1,25,14,31,4,2,4,1,1,0,0,4.02,0.93
Sawyer Gipson-Long,DET,28,8,3,0,0,31.1,34,25,26,6,8,0,2,0,0,1,7.18,1.28
Zach Agnos,COL,25,30,0,0,0,31.1,31,23,19,17,5,1,3,4,0,3,6.61,1.53
Taj Bradley,MIN,24,6,6,0,0,31.1,32,23,32,12,6,0,2,0,0,0,6.61,1.40
Andrew Kittredge,BAL,36,31,0,0,0,31.1,26,12,32,8,4,2,2,0,0,7,3.45,1.09
Brandon Waddell,NYM,31,11,1,0,0,31.1,29,12,22,11,4,0,0,0,0,1,3.45,1.28
Danny Coulombe,MIN,36,40,1,0,0,31.0,21,4,31,9,0,1,0,2,0,8,1.16,0.97
Nic Enright,CLE,29,27,0,0,0,31.0,24,7,30,12,3,2,1,1,1,3,2.03,1.16
Cam Booser,CWS,33,39,0,0,0,31.0,28,19,35,19,8,2,4,1,3,8,5.52,1.52
Josh Simpson,MIA,28,31,0,0,0,30.2,34,25,36,22,5,4,2,0,2,2,7.34,1.83
Ryan Borucki,PIT,31,35,0,0,0,30.2,26,18,27,12,4,1,3,0,3,6,5.28,1.24
Ryan Feltner,COL,29,6,6,0,0,30.1,33,16,25,12,4,0,2,0,0,0,4.75,1.48
Bryan Baker,TB,31,31,0,0,0,30.1,26,16,34,8,5,1,2,1,3,9,4.75,1.12
Manuel Rodriguez,TB,29,31,0,0,0,30.1,26,7,25,6,2,1,2,0,0,11,2.08,1.05
Ryan Fernandez,STL,27,32,0,0,0,30.1,36,26,34,16,6,0,4,1,1,4,7.71,1.71
Pierson Ohl,MIN,26,14,3,0,0,30.0,38,17,27,7,5,0,3,0,0,1,5.10,1.50
Adam Mazur,MIA,24,6,6,0,0,30.0,33,16,19,12,4,0,4,0,0,0,4.80,1.50
Erik Miller,SF,28,36,0,0,0,30.0,24,5,22,20,0,4,1,0,2,10,1.50,1.47
Matt Sauer,LAD,27,10,1,0,0,29.2,35,21,24,8,6,2,1,1,0,0,6.37,1.45
Kai-Wei Teng,SF,27,8,7,0,0,29.2,29,21,39,17,2,2,4,0,0,0,6.37,1.55
Jonathan Loaisiga,NYY,31,30,0,0,0,29.2,34,14,25,10,7,0,1,1,3,7,4.25,1.48
Jaden Hill,COL,26,28,0,0,0,29.1,27,11,31,12,2,1,1,0,0,3,3.38,1.33
Carson Fulmer,LAA,32,13,0,0,0,29.1,25,19,26,11,5,0,0,0,0,0,5.83,1.23
Erik Sabrowski,CLE,28,33,0,0,0,29.1,14,6,42,21,2,0,1,0,0,12,1.84,1.19
Eduardo Salazar,WSH,27,30,0,0,0,29.0,47,27,23,16,7,0,1,0,1,2,8.38,2.17
Andrew Saalfrank,ARI,28,28,0,0,0,29.0,19,4,19,10,1,2,1,3,2,5,1.24,1.00
Dan Altavilla,CWS,33,28,0,0,0,29.0,19,8,21,15,4,0,1,2,0,2,2.48,1.17
Dietrich Enns,BAL,34,17,1,0,0,28.2,27,10,34,11,4,2,2,2,0,4,3.14,1.33
Dustin May,BOS,28,6,5,0,0,28.1,35,17,26,13,5,1,4,0,0,0,5.40,1.69
Konnor Pilkington,WSH,28,32,0,0,0,28.1,22,14,34,17,7,2,0,0,0,5,4.45,1.38
Tyler Rogers,NYM,35,28,0,0,0,27.1,27,7,10,3,1,0,3,0,1,12,2.30,1.10
Luis Garcia,LAD,39,28,0,0,0,27.1,34,16,24,16,1,2,0,0,1,2,5.27,1.83
Sean Reynolds,SD,27,19,1,0,0,27.0,20,16,25,17,4,0,1,0,0,2,5.33,1.37
Blake Treinen,LAD,37,32,0,0,0,26.2,30,16,36,19,4,2,7,2,3,10,5.40,1.84
Grant Wolfram,BAL,29,21,0,0,0,26.2,35,16,31,15,2,3,1,0,0,1,5.40,1.88
Kade Strowd,BAL,28,25,0,0,0,26.1,16,5,24,13,1,0,1,0,0,5,1.71,1.10
Collin Snider,SEA,30,24,0,0,0,26.1,32,16,24,6,3,2,1,0,0,4,5.47,1.44
Lou Trivino,LAD,34,26,2,0,0,26.1,29,11,18,8,2,2,1,0,1,5,3.76,1.41
Nestor Cortes,SD,31,6,6,0,0,26.1,29,16,21,13,8,1,3,0,0,0,5.47,1.59
Jose Alvarado,PHI,30,28,0,0,0,26.0,27,11,32,7,4,4,2,7,1,5,3.81,1.31
Ryan Brasier,CHC,38,28,1,0,0,26.0,27,13,20,5,2,0,1,0,0,4,4.50,1.23
Joey Wentz,PIT,28,19,0,0,0,26.0,25,12,22,11,2,2,1,0,1,0,4.15,1.38
Connor Gillispie,MIA,28,6,6,0,0,26.0,32,25,23,11,6,0,3,0,0,0,8.65,1.65
McCade Brown,COL,25,7,7,0,0,25.2,30,21,23,17,6,0,5,0,0,0,7.36,1.83
Colin Holderman,PIT,30,24,0,0,0,25.2,34,20,18,16,4,0,2,1,2,2,7.01,1.95
Brooks Raley,NYM,37,30,0,0,0,25.2,14,7,25,6,0,3,1,0,0,10,2.45,0.78
Carlos Hernandez,PHI,29,25,0,0,0,25.2,32,15,23,13,4,1,0,0,0,1,5.26,1.75
Kevin Ginkel,ARI,31,29,0,0,0,25.2,29,21,29,13,2,1,4,3,1,6,7.36,1.64
Shawn Dubin,HOU,30,23,0,0,0,25.2,30,16,21,8,6,2,0,0,1,6,5.61,1.48
Ian Gibaut,CIN,32,25,0,0,0,25.1,26,13,15,8,3,0,1,0,1,3,4.62,1.34
Matt Gage,SF,33,27,2,0,0,25.1,28,11,24,10,0,0,1,0,0,2,3.91,1.50
Logan Henderson,MIL,24,5,5,0,0,25.1,17,5,33,8,3,3,0,0,0,0,1.78,0.99
Kyle Backhus,ARI,28,32,0,0,0,25.1,28,13,22,8,3,0,3,2,2,10,4.62,1.42
Mick Abel,PHI,24,6,6,0,0,25.0,25,14,21,9,7,2,2,0,0,0,5.04,1.36
Connor Phillips,CIN,24,21,0,0,0,25.0,11,8,32,12,3,5,0,0,0,2,2.88,0.92
Tyler Kinley,ATL,35,24,0,0,0,25.0,11,2,22,6,1,5,0,0,0,5,0.72,0.68
JP Sears,SD,30,5,5,0,0,24.2,31,15,20,7,7,2,2,0,0,0,5.47,1.54
David Bednar,NYY,31,22,0,0,0,24.2,14,6,35,9,2,4,0,10,3,1,2.19,0.93
Matt Bowman,BAL,34,20,0,0,0,24.2,31,17,18,6,4,0,1,0,0,0,6.20,1.50
Jorge Lopez,WSH,33,26,0,0,0,24.2,25,18,17,7,1,6,0,1,3,5,6.57,1.30
Paxton Schultz,TOR,28,13,2,0,0,24.2,27,12,28,8,4,0,0,0,0,0,4.38,1.42
PJ Poulin,WSH,29,28,0,0,0,24.2,23,10,27,13,2,2,1,1,2,5,3.65,1.46
Mitch Farris,LAA,25,5,5,0,0,24.1,24,18,24,11,4,1,3,0,0,0,6.66,1.44
Orlando Ribalta,WSH,28,22,0,0,0,24.1,28,19,25,17,6,0,0,0,0,0,7.03,1.85
Jorge Alcala,MIN,30,22,0,0,0,24.1,29,24,28,15,5,0,2,0,1,1,8.88,1.81
Easton Lucas,TOR,29,6,5,0,0,24.1,25,18,23,12,5,3,3,0,0,0,6.66,1.52
Gregory Soto,NYM,31,25,0,0,0,24.0,33,12,26,6,2,1,3,0,0,4,4.50,1.63
Michael Tonkin,MIN,36,21,0,0,0,24.0,20,13,19,8,3,2,1,0,1,2,4.88,1.17
Paul Blackburn,NYM,32,7,4,0,0,23.2,31,18,18,8,3,0,3,1,0,0,6.85,1.65
Joel Payamps,MIL,31,28,0,0,0,23.2,29,19,22,9,3,0,1,1,0,3,7.23,1.61
Kyle Harrison,SF,24,8,4,0,0,23.2,21,12,25,9,4,1,1,0,0,1,4.56,1.27
Louis Varland,TOR,28,23,1,0,0,23.2,24,13,28,9,3,1,0,0,1,6,4.94,1.39
Justin Hagenman,NYM,29,9,1,0,0,23.2,24,12,23,2,4,0,1,1,0,0,4.56,1.10
Carson Whisenhunt,SF,25,5,5,0,0,23.1,22,13,16,12,6,2,1,0,0,0,5.01,1.46
Mason Miller,SD,27,22,0,0,0,23.1,7,2,45,10,1,0,0,2,1,10,0.77,0.73
Andrew Alvarez,WSH,26,5,5,0,0,23.1,16,6,20,10,1,1,1,0,0,0,2.31,1.11
Erick Fedde,ATL,33,5,4,0,0,23.1,30,21,13,13,3,1,2,0,0,0,8.10,1.84
Scott Blewett,BAL,29,13,1,0,0,23.1,25,16,17,8,4,1,0,0,0,0,6.17,1.41
Phil Maton,TEX,32,23,0,0,0,23.0,14,9,33,8,2,3,2,3,3,2,3.52,0.96
Grant Holman,ATH,25,22,2,0,0,23.0,26,13,17,9,3,4,2,0,2,3,5.09,1.52
Zach Brzykcy,WSH,26,26,0,0,0,23.0,28,23,24,12,6,0,1,0,1,0,9.00,1.74
Brent Headrick,NYY,28,17,0,0,0,23.0,17,8,30,7,4,0,0,0,0,1,3.13,1.04
Cole Sulser,TB,36,18,0,0,0,22.2,20,5,22,7,1,2,1,0,1,0,1.99,1.19
Justin Steele,CHC,30,4,4,0,0,22.2,21,12,21,5,5,3,1,0,0,0,4.76,1.15
Enyel De Los Santos,HOU,30,22,0,0,0,22.1,22,10,24,6,5,3,0,0,1,4,4.03,1.25
Joel Peguero,SF,28,17,0,0,0,22.1,15,6,17,8,2,3,1,0,0,4,2.42,1.03
Mason Barnett,ATH,25,5,5,0,0,22.1,26,17,18,11,3,1,1,0,0,0,6.85,1.66
Beau Brieske,DET,27,22,1,0,0,22.0,24,16,16,12,5,1,3,1,1,5,6.55,1.64
Bryce Jarvis,ARI,28,12,0,0,0,22.0,23,14,21,10,3,0,0,1,0,1,5.73,1.50
Aaron Civale,MIL,30,5,5,0,0,22.0,23,12,19,7,5,1,2,0,0,0,4.91,1.36
Rafael Montero,DET,35,20,0,0,0,22.0,12,7,19,14,2,1,1,0,1,1,2.86,1.18
Rob Zastryzny,MIL,33,26,1,0,0,22.0,16,6,20,10,3,2,1,0,1,2,2.45,1.18
Hunter Strickland,LAA,37,19,0,0,0,22.0,17,8,14,10,2,1,2,1,1,2,3.27,1.23
Caleb Ferguson,SEA,29,25,0,0,0,22.0,21,8,17,8,1,3,2,0,1,4,3.27,1.32
Tyler Wells,BAL,31,4,4,0,0,21.2,17,7,18,2,4,2,1,0,0,0,2.91,0.88
Andrew Kittredge,CHC,36,23,0,0,0,21.2,15,8,32,3,3,2,1,5,1,8,3.32,0.83
Cionel Perez,BAL,29,19,0,0,0,21.2,28,20,21,18,3,0,0,0,0,0,8.31,2.12
Steven Matz,BOS,34,21,0,0,0,21.2,17,5,12,2,4,0,0,1,0,6,2.08,0.88
Clayton Beeter,WSH,27,24,0,0,0,21.2,8,6,32,14,1,0,2,1,2,9,2.49,1.02
Austin Cox,ATL,28,13,1,0,0,21.1,30,21,22,7,9,0,0,0,0,2,8.86,1.73
Seranthony Dominguez,TOR,31,24,0,0,0,21.0,12,7,25,12,1,2,1,0,0,8,3.00,1.14
Yimi Garcia,TOR,35,22,0,0,0,21.0,13,9,25,12,2,1,2,3,4,6,3.86,1.19
Anthony Veneziano,MIA,28,24,1,0,0,21.0,25,11,20,10,4,0,0,0,1,4,4.71,1.67
Andre Granillo,STL,25,14,0,0,0,21.0,22,11,18,7,3,1,0,1,0,0,4.71,1.38
Luis Mey,CIN,24,23,0,0,0,21.0,17,8,21,17,3,2,0,0,1,4,3.43,1.62
Chris Roycroft,STL,28,20,0,0,0,20.2,26,18,15,12,2,1,3,0,1,2,7.84,1.84
Brandon Sproat,NYM,25,4,4,0,0,20.2,18,11,17,7,0,0,2,0,0,0,4.79,1.21
Jhoan Duran,PHI,28,23,0,0,0,20.2,18,5,27,1,2,1,2,16,3,0,2.18,0.92
Wikelman Gonzalez,CWS,23,16,0,0,0,20.1,13,6,25,12,1,1,0,0,0,1,2.66,1.23
Sam Bachman,LAA,26,23,0,0,0,20.1,22,14,18,10,1,2,3,0,2,2,6.20,1.57
Jose Butto,SF,27,21,0,0,0,20.0,19,10,17,10,2,2,1,0,3,4,4.50,1.45
Andrew Chafin,WSH,35,26,0,0,0,20.0,20,6,18,12,1,1,1,0,0,4,2.70,1.60
Griffin Jax,TB,31,23,2,0,0,20.0,18,8,27,8,3,0,2,0,1,7,3.60,1.30
Ryan Helsley,NYM,31,22,0,0,0,20.0,25,16,22,11,4,0,3,0,4,1,7.20,1.80
Yaramil Hiraldo,BAL,30,18,0,0,0,19.2,17,10,21,9,4,0,0,0,1,2,4.58,1.32
Connelly Early,BOS,23,4,4,0,0,19.1,17,5,29,4,0,1,2,0,0,0,2.33,1.09
Jesus Tinoco,MIA,30,20,0,0,0,19.1,17,11,10,8,1,2,1,4,2,4,5.12,1.29
Jose Suarez,ATL,28,7,1,0,0,19.1,15,4,16,10,1,2,0,1,0,1,1.86,1.29
Rico Garcia,BAL,32,20,1,0,0,19.0,21,6,20,6,3,0,2,0,0,9,2.84,1.42
Jose Urena,LAA,34,6,1,0,0,19.0,17,8,14,10,2,0,0,0,0,0,3.79,1.42
Edgardo Henriquez,LAD,23,22,0,0,0,19.0,17,5,18,5,2,2,1,1,2,5,2.37,1.16
Luis Curvelo,TEX,25,17,0,0,0,19.0,17,12,20,10,3,1,1,0,2,2,5.68,1.42
Luis Peralta,COL,25,22,0,0,0,19.0,26,20,16,18,6,1,3,0,3,1,9.47,2.32
Jonah Tong,NYM,22,5,5,0,0,18.2,24,16,22,9,3,2,3,0,0,0,7.71,1.77
Jordan Hicks,BOS,29,21,0,0,0,18.2,25,17,15,12,3,1,2,2,1,1,8.20,1.98
Camilo Doval,NYY,28,22,0,0,0,18.2,19,10,22,11,2,0,1,1,2,3,4.82,1.61
Julian Merryweather,CHC,34,21,0,0,0,18.2,23,12,15,11,2,0,1,0,0,7,5.79,1.82
John Brebbia,DET,35,19,0,0,0,18.2,22,16,20,11,3,1,0,0,0,2,7.71,1.77
Elvin Rodriguez,MIL,27,6,2,0,0,18.2,23,18,17,7,7,0,2,0,0,0,8.68,1.61
Tayler Scott,HOU,33,18,0,0,0,18.1,21,15,17,14,3,1,2,0,1,2,7.36,1.91
Jake Eder,LAA,27,8,0,0,0,18.1,15,10,15,9,3,0,1,0,0,0,4.91,1.31
Sam Moll,CIN,34,23,0,0,0,18.1,16,13,22,10,4,1,0,0,0,2,6.38,1.42
Luis Garcia,LAA,39,20,0,0,0,18.0,16,4,17,8,0,0,2,2,0,7,2.00,1.33
Corbin Martin,BAL,30,17,0,0,0,18.0,22,12,23,9,4,1,0,2,0,1,6.00,1.72
Kyle Finnegan,DET,34,16,0,0,0,18.0,9,3,23,4,1,3,0,4,1,4,1.50,0.72
Justin Lawrence,PIT,31,17,0,0,0,17.2,9,1,23,8,0,1,0,0,1,6,0.51,0.96
Jose Urena,MIN,34,4,3,0,0,17.2,17,9,10,8,1,0,1,0,0,0,4.58,1.42
Kendall Graveman,ARI,35,19,0,0,0,17.2,23,14,9,12,2,1,0,0,0,1,7.13,1.98
Taylor Rogers,CHC,35,17,0,0,0,17.2,18,10,19,4,4,1,0,0,0,1,5.09,1.25
Dietrich Enns,DET,34,7,2,0,0,17.2,23,11,15,4,2,1,1,0,0,0,5.60,1.53
David Robertson,PHI,40,20,0,0,0,17.2,18,8,22,8,4,2,0,2,1,10,4.08,1.47
Cooper Criswell,BOS,29,7,1,0,0,17.2,23,7,9,5,3,1,0,1,0,0,3.57,1.58
Zak Kent,CLE,28,12,0,0,0,17.2,17,9,16,8,1,1,0,0,0,0,4.58,1.42
Luis Guerrero,BOS,25,13,0,0,0,17.1,9,8,10,14,0,0,1,0,0,0,4.15,1.33
Noah Murdock,ATH,27,14,0,0,0,17.0,26,25,21,20,0,1,1,0,1,1,13.24,2.71
Victor Mederos,LAA,24,5,3,0,0,17.0,18,14,14,12,4,0,2,0,0,0,7.41,1.76
Fraser Ellard,CWS,28,18,3,0,0,17.0,8,8,22,19,1,1,2,0,0,2,4.24,1.59
Chris Stratton,KC,35,12,0,0,0,17.0,29,15,16,8,2,0,0,0,0,0,7.94,2.18
Jackson Kowar,SEA,29,15,0,0,0,17.0,14,8,15,7,4,2,0,0,0,1,4.24,1.24
Chris Devenski,NYM,35,13,1,0,0,16.2,10,4,14,5,1,0,0,0,0,2,2.16,0.90
Dauri Moreta,PIT,29,18,0,0,0,16.2,16,6,19,7,2,1,1,0,1,2,3.24,1.38
Hunter Stratton,ATL,29,12,0,0,0,16.1,13,4,15,5,2,1,1,1,1,3,2.20,1.10
Payton Tolle,BOS,23,7,3,0,0,16.1,18,11,19,8,5,0,1,0,0,0,6.06,1.59
Taylor Rashi,ARI,30,10,0,0,0,16.1,16,8,22,8,0,0,1,2,1,0,4.41,1.47
Scott Blewett,ATL,29,11,1,0,0,16.1,16,10,13,10,5,2,0,0,0,0,5.51,1.59
Scott Alexander,COL,36,19,0,0,0,16.1,20,11,6,7,4,1,1,0,1,3,6.06,1.65
Jorge Alcala,BOS,30,19,0,0,0,16.1,19,6,18,8,4,0,0,0,1,1,3.31,1.65
Nick Sandlin,TOR,29,19,0,0,0,16.1,11,4,16,8,2,0,2,1,3,5,2.20,1.16
JT Brubaker,NYY,32,12,0,0,0,16.0,10,6,10,9,0,0,0,0,0,0,3.38,1.19
Erick Fedde,MIL,33,7,0,0,0,16.0,11,6,7,7,2,0,1,0,0,1,3.38,1.13
T.J. McFarland,ATH,36,27,0,0,0,15.2,26,12,7,3,2,0,0,0,1,7,6.89,1.85
Ryan Gusto,MIA,27,3,3,0,0,15.2,19,17,10,8,4,0,3,0,0,0,9.77,1.72
Jared Shuster,CWS,27,12,2,0,0,15.2,27,14,12,5,0,0,0,0,0,0,8.04,2.04
Will Klein,LAD,26,14,0,0,0,15.1,14,4,21,10,0,1,1,0,0,1,2.35,1.57
Paul Blackburn,NYY,32,8,0,0,0,15.1,16,9,16,4,3,0,0,0,0,0,5.28,1.30
Paul Sewald,CLE,35,18,0,0,0,15.1,14,8,18,4,3,1,1,2,2,4,4.70,1.17
Jose Castillo,NYM,30,16,0,0,0,15.1,21,4,19,6,0,1,1,0,1,3,2.35,1.76
Justin Martinez,ARI,24,17,0,0,0,15.1,7,7,22,12,1,1,2,5,1,4,4.11,1.24
Trevor McDonald,SF,25,3,2,0,0,15.0,13,3,14,2,1,1,0,0,0,0,1.80,1.00
Sean Hjelle,SF,28,12,1,0,0,15.0,21,13,11,9,2,1,1,0,0,0,7.80,2.00
Casey Lawrence,SEA,38,5,0,0,0,15.0,20,5,6,1,2,1,2,0,0,0,3.00,1.40
Blade Tidwell,NYM,24,4,2,0,0,15.0,23,15,10,10,4,1,1,0,0,0,9.00,2.20
Hunter Bigge,TB,27,13,0,0,0,15.0,11,4,12,5,4,0,0,0,1,1,2.40,1.07
Ryan Johnson,LAA,23,14,0,0,0,14.2,24,12,16,5,4,1,1,1,2,1,7.36,1.98
Nate Pearson,CHC,29,11,0,0,0,14.2,22,15,7,10,2,0,1,0,0,1,9.20,2.18
Genesis Cabrera,MIN,29,16,0,0,0,14.2,17,13,13,11,5,0,1,1,1,1,7.98,1.91
Nick Anderson,COL,35,12,0,0,0,14.2,17,10,10,2,3,0,0,0,0,0,6.14,1.30
Easton McGee,MIL,28,9,0,0,0,14.2,15,9,13,5,1,0,0,0,0,0,5.52,1.36
Jorge Alcala,STL,30,15,0,0,0,14.1,18,8,15,7,4,0,0,0,0,3,5.02,1.74
Jose Ruiz,PHI,31,16,0,0,0,14.1,21,13,12,6,3,1,0,0,0,3,8.16,1.88
Andry Lara,WSH,23,9,0,0,0,14.1,27,14,10,8,2,0,0,0,0,0,8.79,2.44
Jordan Wicks,CHC,26,8,0,0,0,14.1,24,10,13,1,2,0,1,1,0,0,6.28,1.74
Mick Abel,MIN,24,4,2,0,0,14.0,18,13,18,7,1,1,2,0,1,0,8.36,1.79
Luinder Avila,KC,24,13,0,0,0,14.0,7,2,16,6,0,1,1,0,0,0,1.29,0.93
Colin Selby,BAL,28,11,0,0,0,14.0,16,5,14,2,2,0,2,0,0,0,3.21,1.29
Trey Yesavage,TOR,22,3,3,0,0,14.0,13,5,16,7,0,1,0,0,0,0,3.21,1.43
Jon Gray,TEX,34,6,0,0,0,14.0,15,12,12,6,5,1,1,0,2,0,7.71,1.50
Hector Neris,LAA,36,21,0,0,0,14.0,11,8,19,7,2,3,0,0,1,8,5.14,1.29
Walker Buehler,PHI,31,3,2,0,0,13.2,10,1,8,6,0,3,0,0,0,0,0.66,1.17
Andrew Chafin,LAA,35,16,0,0,0,13.2,9,3,18,7,1,0,0,0,0,1,1.98,1.17
Liam Hendriks,BOS,37,14,0,0,0,13.2,12,10,12,7,2,0,2,0,0,0,6.59,1.39
Sam Aldegheri,LAA,24,4,2,0,0,13.2,20,12,12,10,3,0,2,0,1,0,7.90,2.20
Carlos Carrasco,ATL,38,3,3,0,0,13.2,22,15,9,7,3,0,0,0,0,0,9.88,2.12
Justin Bruihl,TOR,28,15,0,0,0,13.2,19,8,18,7,2,0,0,0,0,4,5.27,1.90
Tayler Saucedo,SEA,32,10,0,0,0,13.1,19,11,12,6,2,0,0,0,0,0,7.43,1.88
Carson Spiers,CIN,28,3,2,0,0,13.1,13,9,11,7,3,0,2,0,0,0,6.08,1.50
Dylan Smith,DET,25,7,0,0,0,13.0,6,2,4,5,0,1,0,0,0,0,1.38,0.85
Didier Fuentes,ATL,20,4,4,0,0,13.0,23,20,12,6,6,0,3,0,0,0,13.85,2.23
Daniel Robert,PHI,31,15,0,0,0,13.0,11,6,15,10,2,0,0,0,0,2,4.15,1.62
Aaron Civale,CHC,30,5,0,0,0,13.0,7,3,14,0,3,1,0,1,0,0,2.08,0.54
Seth Johnson,PHI,27,10,0,0,0,12.2,11,6,17,4,3,1,1,0,0,0,4.26,1.18
JT Brubaker,SF,32,5,1,0,0,12.2,13,6,12,3,0,0,0,0,0,0,4.26,1.26
Rico Garcia,NYM,32,8,0,0,0,12.2,7,3,16,2,1,0,0,0,0,1,2.13,0.71
Penn Murfee,CWS,31,15,0,0,0,12.2,19,11,13,5,3,0,1,0,1,2,7.82,1.89
Evan Sisk,PIT,28,14,0,0,0,12.1,11,6,14,5,1,1,1,0,0,2,4.38,1.30
Brandyn Garcia,ARI,25,12,0,0,0,12.1,14,8,13,5,0,0,2,0,0,2,5.84,1.54
Lou Trivino,SF,34,11,0,0,0,12.1,11,8,11,5,4,1,0,0,0,1,5.84,1.30
Kyle Gibson,BAL,38,4,4,0,0,12.1,29,23,10,7,7,0,3,0,0,0,16.78,2.92
Lucas Sims,WSH,31,18,0,0,0,12.1,14,19,13,14,2,1,0,0,1,1,13.86,2.27
Jose Urena,TOR,34,6,2,0,0,12.1,12,5,5,3,3,0,0,0,0,0,3.65,1.22
Wade Miley,CIN,39,3,2,0,0,12.0,15,9,7,6,3,1,0,0,0,0,6.75,1.75
Bailey Falter,KC,28,4,2,0,0,12.0,20,15,11,7,2,0,2,0,0,0,11.25,2.25
Danny Coulombe,TEX,36,15,0,0,0,12.0,11,7,12,9,3,1,1,0,0,1,5.25,1.67
Brooks Kriske,MIN,32,12,0,0,0,12.0,18,15,14,10,1,0,1,0,1,0,11.25,2.33
Luis Contreras,HOU,29,9,0,0,0,12.0,11,9,13,8,2,0,0,0,0,1,6.75,1.58
Kyle Harrison,BOS,24,3,2,0,0,12.0,14,4,13,5,0,0,0,0,0,0,3.00,1.58
Kevin Herget,NYM,34,6,0,0,0,12.0,11,4,6,3,0,0,0,0,0,0,3.00,1.17
Jayden Murray,HOU,28,9,1,0,0,11.2,10,2,8,3,0,0,0,0,0,2,1.54,1.11
Josh Winckowski,BOS,27,6,0,0,0,11.2,11,5,9,5,0,0,1,0,0,0,3.86,1.37
Brady Basso,ATH,28,11,1,0,0,11.2,12,3,8,9,0,1,1,0,0,2,2.31,1.80
Dugan Darnell,COL,28,9,0,0,0,11.2,10,5,5,7,1,1,0,0,0,0,3.86,1.46
Hector Neris,HOU,36,12,0,0,0,11.2,13,7,15,8,3,0,1,0,0,0,5.40,1.80
Albert Suarez,BAL,36,5,1,0,0,11.2,9,3,10,2,0,2,0,0,0,0,2.31,0.94
Luke Jackson,SEA,34,10,0,0,0,11.1,6,3,10,4,0,0,0,0,0,1,2.38,0.88
Shaun Anderson,LAA,31,7,0,0,0,11.1,20,13,11,3,6,1,0,0,1,0,10.32,2.03
Bailey Horn,DET,28,10,0,0,0,11.1,11,2,10,7,1,0,1,0,0,0,1.59,1.59
Michael Petersen,MIA,31,11,0,0,0,11.1,11,5,12,5,2,0,0,0,1,2,3.97,1.41
Roddery Munoz,STL,25,9,0,0,0,11.0,9,10,14,9,4,0,0,0,0,0,8.18,1.64
Alan Rangel,PHI,28,5,0,0,0,11.0,10,3,8,6,1,0,0,1,0,0,2.45,1.45
Chase Silseth,LAA,25,10,0,0,0,11.0,10,2,13,6,1,0,0,0,0,1,1.64,1.45
Craig Kimbrel,HOU,37,13,0,0,0,11.0,9,3,16,6,2,0,1,0,0,2,2.45,1.36
A.J. Minter,NYM,32,13,0,0,0,11.0,6,2,14,5,0,0,0,0,0,7,1.64,1.00
Erasmo Ramirez,MIN,35,9,0,0,0,11.0,10,3,5,2,2,0,1,1,0,0,2.45,1.09
Michael Kopech,LAD,29,14,0,0,0,11.0,6,3,12,13,0,0,0,0,0,6,2.45,1.73
Joey Estes,ATH,24,3,2,0,0,11.0,16,12,6,6,4,0,2,0,0,0,9.82,2.00
Genesis Cabrera,PIT,29,9,0,0,0,11.0,12,6,7,1,2,0,0,0,0,1,4.91,1.18
Carlos Hernandez,DET,29,11,0,0,0,10.2,14,12,13,6,0,0,0,0,0,0,10.13,1.88
Garrett McDaniels,LAA,26,10,0,0,0,10.2,13,7,6,8,2,0,0,0,0,1,5.91,1.97
Hunter Harvey,KC,31,12,0,0,0,10.2,6,0,11,1,0,1,0,0,0,5,0.00,0.66
Dane Dunning,TEX,31,5,0,0,0,10.2,9,4,10,5,2,0,0,2,0,0,3.38,1.31
Mason Thompson,WSH,28,14,0,0,0,10.2,16,14,11,12,1,1,1,0,0,0,11.81,2.63
Ben Bowden,ATH,31,11,0,0,0,10.2,9,5,7,5,2,0,0,0,0,0,4.22,1.31
Logan VanWey,HOU,27,9,0,0,0,10.2,15,6,7,3,2,0,0,0,0,0,5.06,1.69
Scott Effross,NYY,32,11,0,0,0,10.2,16,10,6,3,1,0,0,0,0,0,8.44,1.78
Ron Marinaccio,SD,30,7,0,0,0,10.2,6,1,12,4,0,0,0,0,0,0,0.84,0.94
Sammy Peralta,LAA,27,5,0,0,0,10.2,14,9,8,6,0,0,1,0,1,0,7.59,1.88
Nick Hernandez,HOU,31,10,0,0,0,10.2,12,6,11,8,3,0,0,0,0,0,5.06,1.88
Sean Guenther,DET,30,9,1,0,0,10.1,10,6,8,5,0,0,1,0,0,2,5.23,1.45
Bryan Hudson,MIL,28,12,0,0,0,10.1,8,5,13,12,0,0,1,0,0,2,4.35,1.94
Luarbert Arias,MIA,25,7,0,0,0,10.1,17,13,10,5,2,0,0,0,0,0,11.32,2.13
Tyler Zuber,MIA,30,9,0,0,0,10.0,14,13,11,6,3,0,1,0,0,1,11.70,2.00
Yoendrys Gomez,NYY,26,6,0,0,0,10.0,5,3,5,9,1,1,1,0,0,0,2.70,1.40
Richard Lovelady,NYM,30,8,0,0,0,10.0,10,7,9,4,3,0,0,0,0,2,6.30,1.40
Dane Dunning,ATL,31,7,0,0,0,10.0,15,12,11,2,2,0,0,0,0,0,10.80,1.70
Davis Daniel,ATL,28,3,2,0,0,10.0,9,6,9,7,1,0,1,0,0,0,5.40,1.60
Luis Garcia,WSH,39,10,0,0,0,10.0,5,1,7,2,1,0,0,0,0,3,0.90,0.70
Robert Stephenson,LAA,33,12,0,0,0,10.0,7,3,10,3,1,2,0,0,1,0,2.70,1.00
Keaton Winn,SF,28,7,0,0,0,10.0,12,5,9,2,1,0,0,0,0,0,4.50,1.40
Zach Maxwell,CIN,25,8,0,0,0,10.0,10,5,13,4,3,0,0,0,0,0,4.50,1.40
Carlos Rodriguez,MIL,24,4,0,0,0,9.2,13,7,11,9,1,1,0,0,0,0,6.52,2.28
Dedniel Nunez,NYM,29,10,0,0,0,9.2,6,5,11,6,1,0,0,0,0,3,4.66,1.24
Shelby Miller,MIL,35,11,0,0,0,9.2,9,6,14,4,2,1,0,0,0,1,5.59,1.34
Joe Mantiply,ARI,35,10,0,0,0,9.2,26,17,8,3,5,0,1,0,1,0,15.83,3.00
Genesis Cabrera,CHC,29,9,0,0,0,9.1,10,9,8,3,4,0,0,0,0,1,8.68,1.39
Tim Mayza,PIT,34,7,0,0,0,9.1,9,3,8,1,1,0,0,0,0,0,2.89,1.07
Gavin Hollowell,CHC,28,7,0,0,0,9.1,9,5,10,7,1,0,0,0,0,0,4.82,1.71
Ian Anderson,LAA,27,7,0,0,0,9.1,17,12,8,7,2,0,1,0,1,1,11.57,2.57
Austin Warren,NYM,30,5,0,0,0,9.1,5,1,9,4,1,1,0,0,0,0,0.96,0.96
Allan Winans,NYY,30,3,1,0,0,9.1,13,9,6,3,2,0,1,0,0,0,8.68,1.71
Alexis Diaz,LAD,29,9,0,0,0,9.0,7,5,9,2,2,1,0,0,0,2,5.00,1.00
Ryan Loutos,WSH,27,10,0,0,0,9.0,16,12,6,6,3,1,0,0,0,0,12.00,2.44
Rich Hill,KC,46,2,2,0,0,9.0,9,5,4,8,2,0,2,0,0,0,5.00,1.89
Jose Leclerc,ATH,32,10,0,0,0,9.0,13,6,8,5,3,0,1,0,2,1,6.00,2.00
Scott McGough,ATH,36,6,0,0,0,9.0,12,7,11,1,3,0,0,0,0,0,7.00,1.44
Ethan Roberts,CHC,28,10,0,0,0,9.0,10,6,6,2,3,1,0,0,0,0,6.00,1.33
Tayler Scott,ARI,33,6,0,0,0,9.0,13,9,7,4,3,0,0,0,0,1,9.00,1.89
Lou Trivino,PHI,34,10,0,0,0,9.0,6,2,8,5,0,0,1,0,0,0,2.00,1.22
Colin Poche,WSH,32,13,0,0,0,8.2,10,11,10,12,1,1,2,0,0,0,11.42,2.54
Craig Yoho,MIL,26,8,0,0,0,8.2,8,7,7,9,1,0,0,0,0,0,7.27,1.96
Thomas Harrington,PIT,24,3,1,0,0,8.2,18,15,7,7,3,0,1,1,0,0,15.58,2.88
Chayce McDermott,BAL,27,4,1,0,0,8.2,12,15,9,12,3,0,1,0,0,0,15.58,2.77
Brian Van Belle,TB,29,4,0,0,0,8.1,13,5,6,0,2,1,0,0,0,0,5.40,1.56
Danny Young,NYM,31,10,0,0,0,8.1,9,4,13,3,0,0,0,0,0,4,4.32,1.44
Jesse Scholtens,TB,31,2,0,0,0,8.1,9,5,12,3,1,0,1,0,0,0,5.40,1.44
Roansy Contreras,COL,26,4,0,0,0,8.1,9,8,4,1,3,0,0,0,0,0,8.64,1.20
Michael Soroka,CHC,28,6,1,0,0,8.1,4,1,8,5,1,0,0,0,0,1,1.08,1.08
Jacob Barnes,TOR,35,6,0,0,0,8.0,10,8,5,3,1,0,1,0,0,0,9.00,1.63
Joey Wentz,MIN,28,6,0,0,0,8.0,17,14,6,9,3,0,0,0,0,0,15.75,3.25
Cal Quantrill,ATL,31,2,2,0,0,8.0,14,12,3,5,5,0,2,0,0,0,13.50,2.38
A.J. Puk,ARI,30,8,0,0,0,8.0,8,3,12,2,2,0,0,4,0,2,3.38,1.25
Kenta Maeda,DET,37,7,0,0,0,8.0,9,7,8,6,1,0,0,0,0,0,7.88,1.88
Shawn Dubin,BAL,30,7,0,0,0,8.0,7,3,7,3,0,0,0,0,0,2,3.38,1.25
Nestor Cortes,MIL,31,2,2,0,0,8.0,7,8,8,7,5,1,1,0,0,0,9.00,1.75
Bryan Hoeing,SD,29,7,0,0,0,8.0,9,3,5,3,0,1,0,0,0,0,3.38,1.50
Gerson Garabito,TEX,30,3,0,0,0,8.0,15,8,8,1,1,0,0,0,0,1,9.00,2.00
Eduarniel Nunez,ATH,26,6,0,0,0,8.0,9,8,9,7,1,1,0,0,0,0,9.00,2.00
Jesse Chavez,ATL,42,4,0,0,0,8.0,14,8,8,5,4,0,1,0,0,0,9.00,2.38
Bradgley Rodriguez,SD,22,7,0,0,0,7.2,4,1,9,3,0,1,0,0,0,0,1.17,0.91
Sauryn Lao,WSH,26,6,0,0,0,7.2,8,3,5,1,1,1,0,0,0,0,3.52,1.17
Michael Darrell-Hicks,LAA,28,6,0,0,0,7.2,10,8,6,4,1,1,0,0,0,0,9.39,1.83
Cody Laweryson,MIN,27,5,0,0,0,7.2,4,1,7,0,0,0,1,0,0,0,1.17,0.52
Joe Rock,TB,25,3,0,0,0,7.2,7,2,11,2,1,0,0,0,0,0,2.35,1.17
Luis Garcia,HOU,29,2,2,0,0,7.2,3,3,7,1,2,1,0,0,0,0,3.52,0.52
Genesis Cabrera,NYM,29,6,0,0,0,7.2,7,3,7,3,1,0,0,0,0,0,3.52,1.30
Isaiah Campbell,BOS,28,6,0,0,0,7.2,13,6,3,1,1,0,0,0,0,0,7.04,1.83
Tanner Rainey,PIT,33,11,0,0,0,7.2,7,9,9,6,0,0,1,0,1,2,10.57,1.70
Jose Castillo,BAL,30,5,0,0,0,7.1,6,2,7,3,1,0,0,0,0,0,2.45,1.23
Forrest Whitley,HOU,28,5,0,0,0,7.1,9,10,8,6,2,0,0,0,0,0,12.27,2.05
Eli Morgan,CHC,29,7,0,0,0,7.1,12,10,4,3,3,0,1,0,1,0,12.27,2.05
Tim Mayza,PHI,34,8,0,0,0,7.1,8,4,7,4,1,0,0,0,0,0,4.91,1.64
Freddy Tarnok,MIA,27,5,0,0,0,7.1,1,2,10,4,1,1,0,1,0,0,2.45,0.68
Elvis Peguero,MIL,28,6,0,0,0,7.1,8,4,5,4,1,0,0,0,0,1,4.91,1.64
Yosver Zulueta,CIN,28,7,0,0,0,7.1,5,5,5,4,1,1,0,0,0,0,6.14,1.23
Andrew Hoffmann,ARI,26,8,0,0,0,7.1,7,6,7,6,1,1,1,0,2,3,7.36,1.77
Lazaro Estrada,TOR,26,2,0,0,0,7.1,10,7,10,1,2,0,0,0,1,0,8.59,1.50
Logan Gillaspie,SD,28,3,0,0,0,7.0,7,2,4,4,1,0,0,0,0,0,2.57,1.57
Luis F. Castillo,SEA,31,2,2,0,0,7.0,12,6,5,7,0,0,0,0,0,0,7.71,2.71
Gregory Santos,SEA,26,8,0,0,0,7.0,8,4,0,8,0,1,1,0,1,1,5.14,2.29
Carlos Hernandez,CLE,29,5,0,0,0,7.0,4,3,3,3,0,0,0,0,0,0,3.86,1.00
Owen White,CWS,26,3,0,0,0,7.0,14,7,6,3,1,0,0,0,0,0,9.00,2.43
Scott McGough,ARI,36,7,0,0,0,7.0,6,5,5,6,1,0,0,0,0,0,6.43,1.71
Jose De Leon,BOS,33,1,1,0,0,6.2,8,3,8,3,1,1,0,0,0,0,4.05,1.65
Connor Seabold,TB,30,3,0,0,0,6.2,7,1,5,3,0,0,0,0,0,0,1.35,1.50
Tommy Henry,ARI,28,2,0,0,0,6.2,6,3,8,1,3,0,0,0,0,0,4.05,1.05
Cristian Mena,ARI,23,3,0,0,0,6.2,3,1,8,3,1,1,0,0,1,1,1.35,0.90
Joe La Sorsa,CIN,27,5,0,0,0,6.2,13,8,2,2,4,0,1,0,0,0,10.80,2.25
Michael Petersen,ATL,31,4,0,0,0,6.2,7,3,5,2,1,0,0,0,0,0,4.05,1.35
Seth Martinez,MIA,31,6,0,0,0,6.2,4,4,4,3,2,0,0,0,0,0,5.40,1.05
Justin Garza,NYM,31,5,0,0,0,6.2,8,4,3,1,1,0,0,0,0,0,5.40,1.35
Troy Taylor,SEA,24,8,0,0,0,6.2,14,9,2,3,2,0,0,0,0,0,12.15,2.55
Cam Sanders,PIT,29,6,0,0,0,6.2,9,6,4,5,2,0,0,0,0,0,8.10,2.10
Juan Burgos,ARI,26,9,0,0,0,6.2,10,6,6,6,2,1,1,0,1,3,8.10,2.40
Juan Burgos,SEA,26,4,0,0,0,6.2,7,3,8,2,0,0,0,0,0,0,4.05,1.35
Paul Gervase,TB,25,5,0,0,0,6.1,6,3,6,5,3,0,0,0,0,0,4.26,1.74
Wander Suero,ATL,34,5,0,0,0,6.1,10,8,7,4,3,0,0,0,0,0,11.37,2.21
Jose Castillo,ARI,30,5,0,0,0,6.1,10,8,3,3,3,0,1,0,1,0,11.37,2.05
Dillon Tate,TOR,31,6,0,0,0,6.1,8,3,8,6,1,0,0,0,0,0,4.26,2.21
Tyler Matzek,NYY,35,7,0,0,0,6.1,11,3,7,5,0,0,0,0,0,0,4.26,2.53
Spencer Turnbull,TOR,33,3,1,0,0,6.1,12,5,4,4,1,1,1,0,0,1,7.11,2.53
Miguel Castro,CWS,31,6,0,0,0,6.0,5,5,4,5,1,0,0,0,0,1,7.50,1.67
Brooks Kriske,CHC,32,4,0,0,0,6.0,2,0,4,5,0,0,0,0,0,0,0.00,1.17
Bruce Zimmermann,MIL,31,1,1,0,0,6.0,7,5,1,2,2,0,1,0,0,0,7.50,1.50
Noah Davis,LAD,28,5,0,0,0,6.0,10,13,8,5,3,0,1,0,0,0,19.50,2.50
Chase Petty,CIN,22,3,2,0,0,6.0,14,13,7,8,3,0,3,0,0,0,19.50,3.67
Alexis Diaz,CIN,29,6,0,0,0,6.0,8,8,3,5,4,0,0,0,0,2,12.00,2.17
Jason Alexander,ATH,33,4,0,0,0,6.0,12,12,5,5,3,0,0,0,0,0,18.00,2.83
Anthony Maldonado,ATH,28,6,0,0,0,6.0,10,8,7,5,3,0,0,0,0,0,12.00,2.50
Robert Gasser,MIL,26,2,2,0,0,5.2,5,2,5,4,1,0,2,0,0,0,3.18,1.59
Evan Phillips,LAD,31,7,0,0,0,5.2,4,0,6,2,0,0,0,1,0,2,0.00,1.06
Matt Gage,DET,33,6,0,0,0,5.2,7,0,3,2,0,0,0,0,0,0,0.00,1.59
Triston McKenzie,CLE,28,4,0,0,0,5.2,7,7,4,7,1,0,0,0,0,0,11.12,2.47
Mike Clevinger,CWS,35,8,0,0,0,5.2,5,5,3,8,0,0,2,0,0,2,7.94,2.29
Nick Burdi,BOS,33,4,0,0,0,5.1,5,0,5,2,0,0,0,0,0,0,0.00,1.31
Randy Dobnak,MIN,31,1,0,0,0,5.1,2,1,1,2,1,0,0,0,0,0,1.69,0.75
Connor Thomas,MIL,27,2,0,0,0,5.1,12,12,5,2,3,0,0,0,0,0,20.25,2.63
Zach Pop,SEA,29,4,0,0,0,5.1,10,8,3,2,3,0,0,0,0,0,13.50,2.25
Erik Swanson,TOR,32,6,0,0,0,5.1,8,9,3,5,2,1,0,0,0,0,15.19,2.44
Evan Sisk,KC,28,5,0,0,0,5.1,5,1,11,5,0,0,0,0,0,0,1.69,1.88
Darren McCaughan,MIN,30,3,0,0,0,5.1,5,1,6,1,0,0,0,0,0,1,1.69,1.13
Michel Otanez,ATH,28,6,0,0,0,5.1,7,8,6,5,2,0,0,0,0,1,13.50,2.25
Noah Davis,MIN,28,4,0,0,0,5.0,12,9,7,1,4,0,1,0,1,0,16.20,2.60
Carson Ragsdale,BAL,27,2,0,0,0,5.0,10,8,4,1,1,0,0,0,0,0,14.40,2.20
Bobby Miller,LAD,26,2,1,0,0,5.0,11,7,7,2,2,0,0,0,0,0,12.60,2.60
Josh Walker,TOR,31,3,0,0,0,5.0,8,4,8,2,0,0,0,0,0,0,7.20,2.00
Jesse Hahn,SEA,36,3,0,0,0,5.0,6,3,3,5,1,0,1,0,0,0,5.40,2.20
Reynaldo Lopez,ATL,32,1,1,0,0,5.0,9,3,1,2,1,0,0,0,0,0,5.40,2.20
Bryan Hudson,CWS,28,4,0,0,0,4.2,7,3,6,1,2,0,0,0,0,0,5.79,1.71
Forrest Whitley,TB,28,5,0,0,0,4.2,10,8,4,2,1,0,0,0,0,0,15.43,2.57
Luke Jackson,DET,34,3,0,0,0,4.2,3,4,4,5,0,0,0,0,0,0,7.71,1.71
Scott Blewett,MIN,29,2,0,0,0,4.2,4,1,5,0,0,0,0,0,0,0,1.93,0.86
John Brebbia,ATL,35,3,0,0,0,4.2,6,4,6,1,2,0,1,0,0,0,7.71,1.50
Andrew Hoffmann,KC,26,3,0,0,0,4.2,7,2,5,4,1,0,0,0,0,0,3.86,2.36
Marc Church,TEX,24,5,0,0,0,4.2,4,2,5,6,0,0,0,0,1,1,3.86,2.14
Matt Waldron,SD,29,1,1,0,0,4.2,6,4,3,6,1,0,1,0,0,0,7.71,2.57
Anthony Misiewicz,MIN,31,5,0,0,0,4.2,5,5,5,4,2,0,0,0,0,1,9.64,1.93
Eduarniel Nunez,SD,26,4,0,0,0,4.2,4,2,2,4,1,0,0,0,0,0,3.86,1.71
Alex Carrillo,NYM,28,3,0,0,0,4.2,6,7,4,2,4,0,1,0,0,0,13.50,1.71
Joey Gerber,TB,28,2,0,0,0,4.1,3,1,4,0,1,0,0,0,0,0,2.08,0.69
Ben Joyce,LAA,25,5,0,0,0,4.1,5,3,1,1,1,1,0,0,2,2,6.23,1.38
Ryan Borucki,TOR,31,4,0,0,0,4.1,3,0,5,4,0,0,0,0,0,1,0.00,1.62
Roansy Contreras,BAL,26,1,0,0,0,4.1,3,0,2,1,0,0,0,0,0,0,0.00,0.92
Yoendrys Gomez,LAD,26,3,0,0,0,4.1,10,7,6,2,2,0,0,1,0,0,14.54,2.77
Jordan Weems,HOU,33,4,0,0,0,4.1,9,7,0,3,0,0,1,0,0,0,14.54,2.77
Paul Sewald,DET,35,4,0,0,0,4.1,4,2,2,2,1,0,0,0,0,0,4.15,1.38
Chris Stratton,LAD,35,3,0,0,0,4.0,3,3,6,2,2,0,0,0,0,0,6.75,1.25
Rafael Montero,HOU,35,3,0,0,0,4.0,3,2,5,2,0,0,0,0,0,0,4.50,1.25
J.P. France,HOU,30,2,0,0,0,4.0,2,1,5,2,0,1,0,0,0,0,2.25,1.00
Tom Cosgrove,CHC,29,2,0,0,0,4.0,3,1,3,1,0,0,0,0,0,0,2.25,1.00
Jovani Moran,BOS,28,2,0,0,0,4.0,5,3,5,3,0,0,0,0,0,0,6.75,2.00
Anthony Veneziano,STL,28,2,0,0,0,4.0,3,2,5,1,0,0,0,0,0,0,4.50,1.00
Doug Nikhazy,CLE,26,2,1,0,0,4.0,5,6,5,6,0,0,1,0,0,0,13.50,2.75
Mason Black,SF,26,1,0,0,0,4.0,5,3,5,0,2,0,0,0,0,0,6.75,1.25
Philip Abner,ARI,23,5,0,0,0,3.2,5,2,5,3,0,0,0,0,0,0,4.91,2.18
Clayton Beeter,NYY,27,2,0,0,0,3.2,5,6,1,4,2,0,1,0,0,0,14.73,2.45
Patrick Monteverde,MIA,28,1,0,0,0,3.2,9,4,4,1,0,0,0,0,0,0,9.82,2.73
Rolddy Munoz,ATL,25,3,0,0,0,3.2,4,5,5,5,1,0,0,0,0,0,12.27,2.45
Brock Stewart,LAD,34,4,0,0,0,3.2,6,2,3,2,0,0,1,0,0,2,4.91,2.18
Zach Thompson,ATL,32,2,0,0,0,3.2,0,0,3,1,0,0,0,0,0,0,0.00,0.27
Omar Cruz,SD,27,2,0,0,0,3.2,4,2,5,3,0,0,0,0,0,0,4.91,1.91
Connor Seabold,ATL,30,4,0,0,0,3.2,5,4,5,3,1,0,0,0,0,0,9.82,2.18
Angel Perdomo,ATH,31,4,0,0,0,3.1,2,2,2,3,0,0,0,0,0,0,5.40,1.50
Jeff Brigham,ARI,34,4,0,0,0,3.1,7,3,3,1,1,0,0,0,0,0,8.10,2.40
Matt Krook,ATH,31,3,0,0,0,3.1,5,2,3,1,0,0,0,0,0,0,5.40,1.80
Caleb Freeman,CWS,28,5,0,0,0,3.1,5,2,3,1,1,0,0,0,1,0,5.40,1.80
Sauryn Lao,SEA,26,2,0,0,0,3.1,6,3,4,1,1,0,0,0,0,0,8.10,2.10
Codi Heuer,DET,29,2,0,0,0,3.1,3,2,4,2,2,0,0,0,0,0,5.40,1.50
Christian Roa,MIA,26,2,0,0,0,3.0,1,0,3,3,0,0,0,0,0,0,0.00,1.33
Xzavion Curry,MIA,27,3,0,0,0,3.0,4,2,1,3,0,0,1,0,0,0,6.00,2.33
Yilber Diaz,ARI,25,1,0,0,0,3.0,4,3,1,3,0,0,0,0,0,0,9.00,2.33
Jose Espada,BAL,29,1,0,0,0,3.0,1,0,4,0,0,0,0,0,0,0,0.00,0.33
Ryan Loutos,LAD,27,2,0,0,0,3.0,4,5,2,2,1,0,0,0,0,0,15.00,2.00
Drew Sommers,DET,25,4,0,0,0,3.0,7,6,3,3,1,0,1,0,0,0,18.00,3.33
Blas Castano,SEA,27,1,0,0,0,3.0,4,3,1,2,1,0,0,0,0,0,9.00,2.00
Carl Edwards,LAA,34,2,0,0,0,3.0,4,3,2,1,1,0,0,0,0,0,9.00,1.67
Carl Edwards,TEX,34,2,0,0,0,3.0,0,0,4,2,0,0,0,0,0,0,0.00,0.67
Jose Urena,LAD,34,2,0,0,0,3.0,4,1,2,1,0,0,0,0,0,0,3.00,1.67
Jose Urena,NYM,34,1,0,0,0,3.0,7,5,3,1,2,0,0,1,0,0,15.00,2.67
Michael Fulmer,CHC,33,2,0,0,0,3.0,2,0,1,0,0,0,0,0,0,0,0.00,0.67
Jose Castillo,SEA,30,3,0,0,0,3.0,3,0,1,2,0,1,0,0,0,0,0.00,1.67
Michael Mercado,PHI,26,3,0,0,0,3.0,7,5,4,4,1,0,0,0,0,0,15.00,3.67
Trevor Richards,KC,32,3,0,0,0,3.0,7,4,2,2,0,0,0,0,0,0,12.00,3.00
Julian Fernandez,WSH,30,3,0,0,0,3.0,1,1,4,1,1,1,0,0,0,1,3.00,0.67
Randy Wynne,CIN,33,1,0,0,0,3.0,3,1,3,1,1,0,0,1,0,0,3.00,1.33
Ty Adcock,NYM,29,3,0,0,0,3.0,2,1,5,2,1,0,0,0,0,0,3.00,1.33
Jack Little,LAD,28,2,0,0,0,3.0,4,2,2,1,0,0,0,0,0,0,6.00,1.67
Tyler Owens,DET,25,3,0,0,0,3.0,3,1,1,3,0,0,0,0,0,0,3.00,2.00
Drey Jameson,ARI,28,3,0,0,0,3.0,4,1,0,3,0,0,1,1,0,0,3.00,2.33
Hunter Barco,PIT,25,2,0,0,0,3.0,3,0,3,0,0,1,0,0,0,1,0.00,1.00
Joel Payamps,ATL,31,2,0,0,0,2.2,2,1,2,0,1,0,0,0,0,1,3.38,0.75
Rico Garcia,NYY,32,1,0,0,0,2.2,3,3,2,2,1,0,0,0,0,0,10.13,1.88
Trevor Richards,ARI,32,2,0,0,0,2.2,4,1,3,0,0,0,0,0,0,0,3.38,1.50
Casey Lawrence,TOR,38,1,0,0,0,2.2,6,3,1,0,0,0,0,0,0,0,10.13,2.25
Cody Poteet,BAL,31,1,0,0,0,2.2,6,5,1,2,0,0,0,0,0,0,16.88,3.00
Michael Fulmer,BOS,33,1,0,0,0,2.2,4,3,2,2,1,0,0,0,0,0,10.13,2.25
Robert Stock,BOS,36,2,0,0,0,2.2,4,3,1,4,1,0,0,0,0,0,10.13,3.00
Hayden Harris,ATL,27,3,0,0,0,2.2,3,1,0,2,0,0,0,0,0,0,3.38,1.88
Christian Montes De Oca,ARI,26,1,0,0,0,2.2,0,0,2,1,0,0,0,0,0,0,0.00,0.38
Hunter Stratton,PIT,29,3,0,0,0,2.2,10,7,1,2,1,0,0,0,0,0,23.63,4.50
Alexis Diaz,ATL,29,3,0,0,0,2.2,0,3,5,5,0,0,0,0,0,0,10.13,1.88
Luke Little,CHC,25,2,0,0,0,2.2,1,1,4,6,0,0,0,0,0,0,3.38,2.63
Jose Urquidy,DET,30,2,0,0,0,2.1,4,2,3,3,0,0,0,0,0,1,7.71,3.00
Cody Bolton,CLE,27,1,0,0,0,2.0,4,3,1,0,0,0,0,0,0,0,13.50,2.00
Geoff Hartlieb,DET,32,2,0,0,0,2.0,3,2,1,2,1,0,0,0,0,0,9.00,2.50
Ryan Burr,TOR,31,2,0,0,0,2.0,1,0,3,1,0,1,0,0,0,0,0.00,1.00
Tyler Zuber,NYM,30,1,0,0,0,2.0,3,2,3,0,0,0,0,0,0,0,9.00,1.50
Brett de Geus,PHI,28,1,0,0,0,2.0,1,1,0,3,0,0,0,0,0,0,4.50,2.00
Nick Raquet,STL,30,2,0,0,0,2.0,0,0,1,1,0,0,0,0,0,0,0.00,0.50
Julian Fernandez,LAD,30,1,0,0,0,2.0,2,2,1,1,1,0,0,0,0,0,9.00,1.50
Jose Ruiz,ATL,31,2,0,0,0,2.0,2,3,3,3,0,0,0,0,0,0,13.50,2.50
Andrew Heaney,LAD,34,1,0,0,0,2.0,4,3,2,1,1,0,0,0,0,0,13.50,2.50
Touki Toussaint,LAA,29,1,0,0,0,2.0,4,2,3,1,0,0,0,0,0,0,9.00,2.50
Tanner Rainey,DET,33,2,0,0,0,2.0,1,3,2,3,0,0,0,0,0,0,13.50,2.00
J.P. Feyereisen,ARI,33,2,0,0,0,2.0,3,2,2,0,1,0,1,0,0,0,9.00,1.50
J.P. Feyereisen,LAD,33,2,0,0,0,2.0,8,3,2,1,1,0,1,0,0,0,13.50,4.50
Kyle Nelson,ARI,29,3,0,0,0,2.0,1,2,2,4,1,0,0,1,0,0,9.00,2.50
Elvis Peguero,CWS,28,2,1,0,0,2.0,4,3,3,2,0,0,0,0,0,0,13.50,3.00
Jake Bird,NYY,30,3,0,0,0,2.0,4,6,4,2,2,0,1,0,0,0,27.00,3.00
Paul Gervase,LAD,25,1,0,0,0,2.0,2,1,2,1,0,0,0,0,0,0,4.50,1.50
Michael Darrell-Hicks,PIT,28,1,0,0,0,2.0,0,0,2,0,0,0,0,0,0,0,0.00,0.00
Brandyn Garcia,SEA,25,2,0,0,0,2.0,4,1,1,3,0,0,0,0,0,0,4.50,3.50
Austin Pope,ARI,27,1,0,0,0,2.0,2,0,1,1,0,0,0,0,0,0,0.00,1.50
Adam Ottavino,NYY,40,3,0,0,0,1.2,0,0,3,4,0,0,0,0,0,0,0.00,2.40
Jose Corniell,TEX,22,1,0,0,0,1.2,3,3,1,1,1,0,1,0,0,0,16.20,2.40
Casey Kelly,ARI,36,2,0,0,0,1.2,1,0,0,1,0,0,0,0,0,0,0.00,1.20
Reiver Sanmartin,CIN,29,1,0,0,0,1.2,2,0,2,1,0,0,0,0,0,0,0.00,1.80
Richard Lovelady,TOR,30,2,0,0,0,1.2,2,4,3,2,0,0,1,0,0,0,21.60,2.40
Zach Pop,NYM,29,1,0,0,0,1.1,5,3,0,0,1,0,1,0,0,0,20.25,3.75
John Rooney,HOU,29,1,0,0,0,1.1,1,1,2,1,1,0,0,0,0,0,6.75,1.50
Geoff Hartlieb,NYY,32,2,0,0,0,1.1,5,6,4,4,1,0,0,0,0,0,40.50,6.75
Jose Quijada,LAA,30,2,0,0,0,1.1,1,0,3,2,0,0,0,0,0,1,0.00,2.25
Scott Alexander,SF,36,2,0,0,0,1.1,3,1,2,2,1,0,0,0,0,0,6.75,3.75
Robinson Pina,TOR,27,1,0,0,0,1.1,4,1,1,1,0,0,0,0,0,0,6.75,3.75
Codi Heuer,TEX,29,1,0,0,0,1.1,1,1,1,0,1,0,0,0,0,0,6.75,0.75
Andrew Walters,CLE,25,2,0,0,0,1.1,2,2,2,0,1,0,0,0,0,0,13.50,1.50
Jhonathan Diaz,SEA,29,1,0,0,0,1.1,1,0,1,0,0,0,0,0,0,0,0.00,0.75
Charlie Morton,ATL,42,1,1,0,0,1.1,2,0,1,1,0,0,0,0,0,0,0.00,2.25
Craig Kimbrel,ATL,37,1,0,0,0,1.0,1,0,1,1,0,0,0,0,0,0,0.00,2.00
Jake Palisch,CWS,27,1,0,0,0,1.0,3,2,0,0,0,0,0,0,0,0,18.00,3.00
Nathan Wiles,ATL,27,1,0,0,0,1.0,4,3,1,0,0,0,0,0,0,0,27.00,4.00
Nolan Hoffman,PHI,28,1,0,0,0,1.0,3,3,2,1,0,0,0,0,0,0,27.00,4.00
Kevin Herget,ATL,34,1,0,0,0,1.0,1,0,0,2,0,0,0,0,0,0,0.00,3.00
Garrett Acton,TB,27,1,0,0,0,1.0,0,0,0,2,0,0,0,0,0,0,0.00,2.00
Lucas Gilbreath,COL,30,1,0,0,0,1.0,1,1,2,0,1,0,0,0,0,0,9.00,1.00
Robinson Pina,MIA,27,1,0,0,0,1.0,1,1,0,0,1,0,0,0,0,0,9.00,1.00
Dom Hamel,NYM,27,1,0,0,0,1.0,3,0,0,0,0,0,0,0,0,0,0.00,3.00
Thomas Hatch,KC,31,1,0,0,0,1.0,2,2,1,0,1,0,0,0,0,0,18.00,2.00
Hector Neris,ATL,36,2,0,0,0,1.0,5,5,1,1,1,0,1,0,1,0,45.00,6.00
Alex Lange,DET,30,1,0,0,0,1.0,2,0,1,1,0,0,0,0,0,0,0.00,3.00
Cole Wilcox,TB,26,1,0,0,0,1.0,4,3,1,3,0,0,0,0,0,0,27.00,7.00
Elvin Rodriguez,BAL,27,1,0,0,0,1.0,3,2,1,0,2,0,0,0,0,0,18.00,3.00
Colin Poche,NYM,32,1,0,0,0,0.2,2,2,1,2,0,0,0,0,0,0,27.00,6.00
Jayvien Sandridge,NYY,27,1,0,0,0,0.2,1,2,2,2,1,0,0,0,0,0,27.00,4.50
Jonathan Pintaro,NYM,28,1,0,0,0,0.2,2,2,1,2,0,0,0,0,0,0,27.00,6.00
Carlos Duran,ATH,24,1,0,0,0,0.1,1,3,0,3,0,0,0,0,0,0,81.00,12.00